StartTime,EndTime,DataSource,ActivityType,Steps,Calories,Duration(seconds),Distance(meters),Comments
2018-03-26 19:46:00,2018-03-26 20:43:16,Apple Health,Others,3641.0,172.1,2713.0,3541.0,
2020-09-19 13:31:37,2020-09-19 19:04:27,Apple Health,Others,11952.0,1098.3,19970.0,12659.0,
2020-10-02 19:52:52,2020-10-02 19:55:56,Apple Health,Others,0.0,13.5,184.0,224.0,
2020-10-07 16:49:06,2020-10-07 21:28:05,Apple Health,Others,8844.0,991.8,16731.0,11482.0,
2020-10-18 10:29:58,2020-10-18 11:18:40,Apple Health,Others,909.0,138.9,2921.0,1538.0,
2021-06-25 18:17:04,2021-06-25 18:41:35,Apple Health,Others,926.0,130.7,1471.0,1442.0,
2021-08-14 21:53:16,2021-08-14 22:40:26,Apple Health,Others,0.0,141.2,2829.0,6819.0,
2021-08-16 19:34:06,2021-08-16 20:24:16,Apple Health,Others,0.0,182.9,3010.0,9572.0,
2021-08-19 21:40:48,2021-08-20 12:55:55,Apple Health,Others,0.0,84.0,1552.0,3390.0,
2021-08-29 06:24:52,2021-08-29 11:04:16,Apple Health,Others,6978.0,723.1,16764.0,9397.0,
2021-08-30 23:10:41,2021-08-30 23:54:44,Apple Health,Others,0.0,170.9,2642.0,8114.0,
2021-09-04 20:35:16,2021-09-04 22:51:43,Apple Health,Others,0.0,651.6,8186.0,27440.0,
2021-09-18 22:30:37,2021-09-18 23:18:39,Apple Health,Others,0.0,180.6,2882.0,8349.0,
2021-09-22 21:35:20,2021-09-22 22:42:37,Apple Health,Others,0.0,321.7,4036.0,15142.0,
2021-09-26 20:32:18,2021-09-26 20:34:38,Apple Health,Others,0.0,6.8,140.0,22.0,
2021-09-26 20:34:52,2021-09-26 21:50:22,Apple Health,Others,0.0,195.9,2313.0,9636.0,
2021-10-03 19:39:39,2021-10-03 20:11:33,Apple Health,Others,2560.0,113.7,1913.0,1916.0,
2021-10-05 21:17:57,2021-10-05 22:09:23,Apple Health,Others,0.0,258.0,3085.0,13223.0,
2021-11-12 09:28:54,2021-11-12 10:24:42,Apple Health,Others,0.0,132.0,2216.0,4015.0,
2021-11-12 18:44:39,2021-11-12 19:49:30,Apple Health,Others,0.0,277.0,3890.0,14075.0,
2021-11-17 21:05:26,2021-11-17 21:43:31,Apple Health,Others,0.0,125.8,2285.0,6836.0,
2021-11-19 09:17:03,2021-11-19 09:34:23,Apple Health,Others,0.0,44.2,1039.0,3352.0,
2021-11-19 17:08:33,2021-11-19 18:25:05,Apple Health,Others,0.0,302.7,3270.0,14025.0,
2022-02-13 11:39:12,2022-02-13 17:16:57,Apple Health,Others,10170.0,900.3,20265.0,8069.0,
2022-03-06 15:00:23,2022-03-06 16:03:40,Apple Health,Others,0.0,313.5,3796.0,14155.0,
2022-03-12 13:21:23,2022-03-12 17:48:04,Apple Health,Others,8031.0,720.9,13832.0,7971.0,
2022-04-06 09:03:16,2022-04-06 09:18:38,Apple Health,Others,0.0,56.1,921.0,3280.0,
2022-04-06 18:49:34,2022-04-06 19:51:25,Apple Health,Others,0.0,315.6,3711.0,14322.0,
2022-04-15 17:58:02,2022-04-15 21:45:50,Apple Health,Others,7896.0,753.0,13667.0,7510.0,
2022-04-29 00:03:36,2022-04-29 00:18:35,Apple Health,Others,0.0,58.8,898.0,1047.0,
2022-05-15 15:56:33,2022-05-15 16:38:49,Apple Health,Others,0.0,117.6,2531.0,6913.0,
2022-05-27 17:52:39,2022-05-27 19:29:28,Apple Health,Others,6409.0,343.2,5808.0,5255.0,
2022-05-29 14:54:15,2022-05-29 17:50:24,Apple Health,Others,12361.0,816.0,10556.0,8360.0,
2022-06-01 14:12:30,2022-06-01 17:49:19,Apple Health,Others,12387.0,662.7,9821.0,8379.0,
2022-06-06 21:00:46,2022-06-06 21:56:48,Apple Health,Others,4439.0,219.7,3361.0,3323.0,
2022-06-14 16:47:50,2022-06-14 18:24:35,Apple Health,Others,5827.0,306.3,4157.0,4502.0,
2022-06-20 19:41:07,2022-06-20 20:00:56,Apple Health,Others,47.0,47.8,1188.0,342.0,
2022-06-21 12:44:02,2022-06-21 12:57:10,Apple Health,Others,507.0,56.2,787.0,639.0,
2022-07-09 16:58:07,2022-07-09 17:40:55,Apple Health,Others,1094.0,108.8,2564.0,1286.0,
2022-09-06 16:35:48,2022-09-06 18:03:45,Apple Health,Others,5340.0,298.1,5277.0,3655.0,
2022-09-06 18:34:14,2022-09-06 18:38:51,Apple Health,Others,0.0,17.0,277.0,250.0,
2022-10-12 16:19:39,2022-10-12 21:43:55,Apple Health,Others,10599.0,982.1,19455.0,9958.0,
2022-11-05 14:43:39,2022-11-05 16:52:52,Apple Health,Others,9616.0,538.3,7753.0,6629.0,
2022-11-13 09:13:56,2022-11-13 09:52:10,Apple Health,Others,0.0,125.5,2293.0,6478.0,
2022-11-20 13:42:00,2022-11-20 15:05:35,Apple Health,Others,5725.0,371.3,5014.0,3743.0,
2022-11-20 17:15:20,2022-11-20 17:58:33,Apple Health,Others,2913.0,167.5,2593.0,2724.0,
2022-12-09 17:27:13,2022-12-09 18:22:34,Apple Health,Others,897.0,132.6,3320.0,1878.0,
2023-01-22 15:20:21,2023-01-22 17:21:48,Apple Health,Others,4553.0,262.8,6141.0,2959.0,
2023-01-26 19:17:37,2023-01-26 20:03:54,Apple Health,Others,3785.0,212.3,2776.0,3034.0,
2023-01-29 18:46:45,2023-01-29 19:02:31,Apple Health,Others,1099.0,91.4,945.0,898.0,
2023-03-26 07:32:01,2023-03-26 13:06:49,Apple Health,Others,11276.0,761.2,15668.0,7361.0,
2023-04-06 22:53:37,2023-04-06 23:36:57,Apple Health,Others,1830.0,129.0,2599.0,1352.0,
2023-06-13 17:37:21,2023-06-13 22:01:37,Apple Health,Others,9407.0,855.8,15856.0,10037.0,
2023-08-04 13:45:28,2023-08-04 19:29:06,Apple Health,Others,9252.0,1091.6,20472.0,6665.0,
2023-09-24 14:36:21,2023-09-24 15:49:38,Apple Health,Others,5532.0,260.5,4397.0,3744.0,
2023-09-24 17:14:09,2023-09-24 18:11:39,Apple Health,Others,3613.0,178.0,3449.0,2930.0,
2023-10-02 20:30:42,2023-10-02 21:57:54,Apple Health,Others,6417.0,205.0,3260.0,2690.0,
2023-10-21 15:01:43,2023-10-21 17:00:29,Apple Health,Others,0.0,217.9,4660.0,10320.0,
2023-10-21 17:00:31,2023-10-21 17:18:47,Apple Health,Others,1177.0,106.7,1096.0,1282.0,
2023-10-27 13:40:35,2023-10-27 19:10:30,Apple Health,Others,10084.0,950.5,19795.0,11865.0,
2023-12-13 17:45:34,2023-12-13 17:50:18,Apple Health,Others,0.0,8.4,284.0,90.0,
2023-12-13 23:41:34,2023-12-14 01:28:15,Apple Health,Others,1103.0,168.1,6400.0,786.0,
2023-12-18 11:22:56,2023-12-18 11:47:44,Apple Health,Others,41.0,50.9,1487.0,348.0,
2023-12-22 17:05:35,2023-12-22 23:21:12,Apple Health,Others,9472.0,512.5,15891.0,4036.0,
2023-12-24 20:49:04,2023-12-24 21:33:55,Apple Health,Others,2915.0,130.0,2691.0,2076.0,
2023-12-25 12:57:01,2023-12-25 14:53:09,Apple Health,Others,3715.0,257.1,6967.0,2629.0,
2023-12-25 23:37:09,2023-12-25 23:40:44,Apple Health,Others,0.0,11.4,214.0,203.0,
2024-02-22 18:42:23,2024-02-22 18:56:15,Apple Health,Others,62.0,20.0,832.0,47.0,
2024-02-25 16:31:13,2024-02-25 17:29:14,Apple Health,Others,3464.0,218.7,3480.0,2944.0,
2024-02-26 16:08:17,2024-02-26 16:21:15,Apple Health,Others,0.0,21.8,778.0,141.0,
2024-03-14 22:15:45,2024-03-14 22:21:17,Apple Health,Others,15.0,8.9,331.0,30.0,
2024-03-21 00:14:22,2024-03-21 01:13:15,Apple Health,Others,83.0,74.6,3532.0,59.0,
2024-03-28 16:57:26,2024-03-28 17:24:29,Apple Health,Others,237.0,38.9,1623.0,173.0,
2024-04-05 15:41:51,2024-04-05 16:38:21,Apple Health,Others,4285.0,215.1,3389.0,3318.0,
2024-04-14 15:52:37,2024-04-14 16:14:04,Apple Health,Others,729.0,86.3,1286.0,896.0,
2024-04-27 15:42:43,2024-04-27 17:36:18,Apple Health,Others,6735.0,329.2,6488.0,4910.0,
2024-04-28 20:13:31,2024-04-28 20:37:06,Apple Health,Others,1705.0,101.3,1414.0,1365.0,
2024-04-30 21:13:58,2024-04-30 22:15:00,Apple Health,Others,4437.0,286.3,3661.0,3636.0,
2024-05-01 20:45:38,2024-05-01 21:25:47,Apple Health,Others,0.0,145.0,2408.0,3944.0,
2024-05-06 16:13:41,2024-05-06 16:48:10,Apple Health,Others,2043.0,136.7,2068.0,2303.0,
2024-05-08 21:22:05,2024-05-09 11:27:55,Apple Health,Others,4011.0,88.6,4097.0,225.0,
2024-05-12 16:16:51,2024-05-12 18:05:13,Apple Health,Others,8381.0,404.0,5303.0,5456.0,
2024-05-16 21:51:18,2024-05-16 22:54:13,Apple Health,Others,5344.0,281.9,3775.0,4506.0,
2024-05-18 16:28:40,2024-05-18 17:22:52,Apple Health,Others,3993.0,260.1,3252.0,3557.0,
2024-05-19 18:49:01,2024-05-19 19:24:41,Apple Health,Others,2057.0,117.6,2139.0,1722.0,
2024-05-19 20:02:35,2024-05-19 20:53:18,Apple Health,Others,3342.0,174.4,3043.0,2594.0,
2024-05-20 19:59:07,2024-05-20 20:43:50,Apple Health,Others,3317.0,247.4,2683.0,3162.0,
2024-05-21 19:36:07,2024-05-21 20:37:56,Apple Health,Others,4734.0,303.3,3708.0,3913.0,
2024-05-23 20:19:20,2024-05-23 21:07:37,Apple Health,Others,3429.0,226.7,2893.0,3138.0,
2024-05-24 20:38:41,2024-05-24 21:19:22,Apple Health,Others,3994.0,212.1,2434.0,3128.0,
2024-06-05 01:00:00,2024-06-05 01:35:56,Apple Health,Others,136.0,53.7,2156.0,414.0,
2024-06-05 11:06:30,2024-06-05 11:26:13,Apple Health,Others,13.0,24.4,1182.0,9.0,
2024-06-05 11:27:15,2024-06-05 11:29:06,Apple Health,Others,0.0,4.2,111.0,50.0,
2024-06-21 18:48:32,2024-06-21 20:10:47,Apple Health,Others,4973.0,253.2,4930.0,3634.0,
2024-07-03 20:16:37,2024-07-03 21:17:49,Apple Health,Others,4355.0,266.3,3669.0,3483.0,
2024-07-11 23:28:29,2024-07-11 23:33:58,Apple Health,Others,0.0,13.4,329.0,126.0,
2024-08-16 17:21:10,2024-08-16 17:32:22,Apple Health,Others,0.0,20.2,671.0,217.0,
2024-09-06 17:14:30,2024-09-06 18:49:12,Apple Health,Others,6488.0,286.0,5681.0,4553.0,
2024-09-25 01:56:57,2024-09-25 02:07:58,Apple Health,Others,0.0,22.1,660.0,148.0,
2024-09-26 20:09:27,2024-09-26 21:00:31,Apple Health,Others,3916.0,215.9,2793.0,2877.0,
2024-10-04 13:17:28,2024-10-04 13:46:13,Apple Health,Others,933.0,94.4,1719.0,832.0,
2024-10-27 15:30:54,2024-10-27 15:33:21,Apple Health,Others,0.0,5.3,146.0,29.0,
2024-11-04 14:38:02,2024-11-04 15:08:06,Apple Health,Others,2301.0,99.8,1804.0,1560.0,
2024-12-03 13:13:17,2024-12-03 13:45:35,Apple Health,Others,21.0,40.8,1938.0,15.0,
2024-12-09 11:55:01,2024-12-09 13:11:53,Apple Health,Others,654.0,118.0,4611.0,531.0,
2024-12-14 00:31:05,2024-12-14 01:17:21,Apple Health,Others,0.0,58.4,2775.0,15.0,
2024-12-19 23:35:43,2024-12-20 09:44:52,Apple Health,Others,1438.0,820.8,36548.0,4682.0,
2025-02-12 22:07:40,2025-02-13 09:27:37,Apple Health,Others,1619.0,917.7,40797.0,7070.0,
2025-02-23 11:17:02,2025-02-23 11:29:22,Apple Health,Others,0.0,15.4,740.0,9.0,
2025-02-28 16:56:25,2025-02-28 17:24:00,Apple Health,Others,21.0,61.5,1655.0,4826.0,
2025-04-15 01:03:06,2025-04-15 11:23:48,Apple Health,Others,1076.0,818.6,37241.0,1486.0,
2025-04-20 13:48:12,2025-04-20 16:42:29,Apple Health,Others,13624.0,724.1,10457.0,10135.0,
2025-04-26 12:48:07,2025-04-26 18:17:59,Apple Health,Others,25042.0,1321.8,17580.0,17617.0,
2025-04-26 15:57:09,2025-04-26 18:18:58,,GPS Walk,11922.0,586.3,8508.0,8139.0,
2025-04-27 15:02:41,2025-04-27 17:39:18,Apple Health,Others,8843.0,495.3,6376.0,6216.0,
2025-04-27 15:03:21,2025-04-27 17:38:41,,GPS Walk,9035.0,455.4,6302.0,6236.0,
2025-04-28 20:41:51,2025-04-28 22:14:02,,GPS Walk,8959.0,443.1,5530.0,6528.0,
2025-04-28 20:42:26,2025-04-28 22:14:27,Apple Health,Others,8155.0,417.1,5520.0,6411.0,
2025-04-29 19:09:20,2025-04-29 20:01:01,,GPS Walk,4286.0,238.5,3101.0,3239.0,
2025-04-29 19:09:29,2025-04-29 20:03:55,Apple Health,Others,4382.0,265.8,3265.0,3307.0,
2025-04-30 18:07:39,2025-04-30 21:55:05,Apple Health,Others,21594.0,924.3,13310.0,16021.0,
2025-04-30 18:08:01,2025-04-30 21:54:42,,GPS Walk,21338.0,1007.9,12929.0,15821.0,
2025-05-01 13:06:21,2025-05-01 14:07:05,Apple Health,Others,4866.0,243.4,3644.0,3357.0,
2025-05-01 18:42:03,2025-05-01 19:57:28,Apple Health,Others,6808.0,383.4,4524.0,5021.0,
2025-05-02 11:22:33,2025-05-02 13:48:55,,GPS Walk,9083.0,442.3,5974.0,5558.0,
2025-05-02 11:22:45,2025-05-02 13:49:19,Apple Health,Others,8338.0,493.3,5985.0,6171.0,
2025-05-03 13:11:03,2025-05-03 15:19:00,Apple Health,Others,11320.0,579.4,7303.0,8555.0,
2025-05-03 13:11:04,2025-05-03 15:19:06,,GPS Walk,11745.0,526.8,7318.0,8707.0,
2025-05-04 12:16:45,2025-05-04 14:14:32,Apple Health,Others,8954.0,526.6,6140.0,6442.0,
2025-05-04 12:16:54,2025-05-04 14:14:38,,GPS Walk,9372.0,521.4,6148.0,6515.0,
2025-05-05 16:49:03,2025-05-05 18:39:30,Apple Health,Others,9559.0,501.5,6627.0,7048.0,
2025-05-05 16:49:56,2025-05-05 18:39:34,,GPS Walk,9747.0,416.1,6578.0,5967.0,
2025-05-06 11:58:49,2025-05-06 16:09:27,Apple Health,Others,9535.0,515.1,11299.0,5970.0,
2025-05-06 12:19:41,2025-05-06 16:08:52,,GPS Walk,8340.0,621.6,13751.0,6705.0,
2025-05-07 11:07:05,2025-05-07 12:03:10,Apple Health,Others,4184.0,280.1,3364.0,3792.0,
2025-05-07 11:07:27,2025-05-07 12:03:33,,GPS Walk,4931.0,293.6,3366.0,4176.0,
2025-05-08 00:17:00,2025-05-08 01:01:42,Apple Health,Others,3597.0,269.9,2681.0,3373.0,
2025-05-08 00:17:02,2025-05-08 01:01:50,,GPS Walk,4394.0,239.9,2687.0,3543.0,
2025-05-09 18:10:30,2025-05-09 20:30:04,Apple Health,Others,13505.0,727.1,8009.0,10142.0,
2025-05-10 14:39:37,2025-05-10 17:45:23,,GPS Walk,18791.0,983.6,11145.0,13963.0,
2025-05-10 14:40:46,2025-05-10 17:45:17,Apple Health,Others,18562.0,1025.6,11070.0,14281.0,
2025-05-11 18:06:24,2025-05-11 19:35:00,Apple Health,Others,8529.0,436.7,5316.0,6602.0,
2025-05-11 18:06:49,2025-05-11 19:34:37,,GPS Walk,8411.0,422.0,5267.0,6014.0,
2025-05-12 19:58:40,2025-05-12 21:12:44,Apple Health,Others,6295.0,347.9,4443.0,5352.0,
2025-05-12 19:59:00,2025-05-12 21:12:39,,GPS Walk,7062.0,350.9,4419.0,5241.0,
2025-05-13 18:51:00,2025-05-13 20:30:53,Apple Health,Others,7376.0,414.8,5822.0,6447.0,
2025-05-14 19:20:49,2025-05-14 20:42:42,Apple Health,Others,6966.0,410.1,4912.0,5655.0,
2025-05-14 19:20:51,2025-05-14 20:42:28,,GPS Walk,7838.0,368.0,4897.0,5304.0,
2025-05-15 11:03:37,2025-05-15 12:34:03,Apple Health,Others,7385.0,405.7,5426.0,5831.0,
2025-05-15 11:03:38,2025-05-15 12:33:39,,GPS Walk,7398.0,444.4,5400.0,6337.0,
2025-05-15 21:46:59,2025-05-15 22:31:12,Apple Health,Others,3636.0,262.7,2652.0,3311.0,
2025-05-15 21:47:00,2025-05-15 22:30:17,,GPS Walk,4139.0,232.1,2596.0,3221.0,
2025-05-16 11:16:58,2025-05-16 11:30:52,,GPS Walk,886.0,61.3,834.0,816.0,
2025-05-16 12:08:40,2025-05-16 12:30:36,,GPS Walk,998.0,102.6,1316.0,1369.0,
2025-05-16 18:40:52,2025-05-16 20:32:35,,GPS Walk,9587.0,427.0,6423.0,6731.0,
2025-05-16 18:40:59,2025-05-16 20:32:14,Apple Health,Others,8734.0,484.9,6374.0,6837.0,
2025-05-17 02:07:55,2025-05-17 11:22:06,Apple Health,Others,24.0,637.9,33251.0,17.0,
2025-05-17 17:51:02,2025-05-17 18:28:50,,GPS Walk,2097.0,194.4,2195.0,2458.0,
2025-05-17 18:32:55,2025-05-17 18:45:43,,GPS Walk,1066.0,68.3,767.0,929.0,
2025-05-17 18:45:31,2025-05-17 20:16:43,Apple Health,Others,7592.0,410.3,5471.0,6048.0,
2025-05-17 18:45:49,2025-05-17 20:16:13,,GPS Walk,8288.0,410.9,5423.0,6217.0,
2025-05-18 14:27:34,2025-05-18 18:03:08,Apple Health,Others,10695.0,666.1,11848.0,8049.0,
2025-05-18 14:28:00,2025-05-18 17:59:39,,GPS Walk,11425.0,660.1,12699.0,8505.0,
2025-05-19 11:01:57,2025-05-19 12:35:01,,GPS Walk,8115.0,431.9,5584.0,6291.0,
2025-05-19 11:02:02,2025-05-19 12:35:29,Apple Health,Others,7332.0,440.9,5607.0,6194.0,
2025-05-20 19:05:56,2025-05-20 20:37:50,Apple Health,Others,8145.0,480.9,5513.0,6586.0,
2025-05-20 19:05:58,2025-05-20 20:36:58,,GPS Walk,8726.0,409.9,5460.0,6077.0,
2025-05-21 18:46:52,2025-05-21 20:07:47,Apple Health,Others,7484.0,393.9,4854.0,5512.0,
2025-05-21 18:47:17,2025-05-21 20:06:40,,GPS Walk,7524.0,348.3,4762.0,5061.0,
2025-05-22 11:00:03,2025-05-22 12:06:30,,GPS Walk,5956.0,376.0,3986.0,4796.0,
2025-05-22 11:00:04,2025-05-22 12:06:48,Apple Health,Others,5313.0,335.1,4004.0,4194.0,
2025-05-22 23:10:40,2025-05-22 23:56:43,Apple Health,Others,3517.0,270.4,2762.0,3259.0,
2025-05-23 16:33:41,2025-05-23 21:04:54,Apple Health,Others,8730.0,473.3,7314.0,6815.0,
2025-05-23 16:34:11,2025-05-23 21:05:14,,GPS Walk,9002.0,481.9,6827.0,7305.0,
2025-05-24 14:56:25,2025-05-24 19:42:12,Apple Health,Others,18284.0,876.1,15662.0,13098.0,
2025-05-24 14:56:26,2025-05-24 19:41:43,,GPS Walk,18287.0,1487.8,15620.0,21613.0,
2025-05-25 13:08:25,2025-05-25 18:12:15,,GPS Walk,17240.0,894.6,11599.0,12784.0,
2025-05-25 13:08:27,2025-05-25 18:12:46,Apple Health,Others,16335.0,912.4,11618.0,12068.0,
2025-05-27 02:44:31,2025-05-27 03:48:49,,GPS Walk,6419.0,301.4,3858.0,4868.0,
2025-05-27 02:44:32,2025-05-27 04:02:23,Apple Health,Others,5850.0,315.5,4671.0,5305.0,
2025-05-27 21:02:12,2025-05-27 22:32:57,,GPS Walk,8471.0,391.0,5445.0,6051.0,
2025-05-27 21:02:22,2025-05-27 22:34:41,Apple Health,Others,8011.0,409.7,5539.0,6141.0,
2025-05-28 11:14:16,2025-05-28 12:33:38,,GPS Walk,7103.0,408.7,4761.0,6131.0,
2025-05-28 11:14:27,2025-05-28 12:33:34,Apple Health,Others,7271.0,405.2,4747.0,5483.0,
2025-05-28 22:49:54,2025-05-28 23:32:52,,GPS Walk,2796.0,148.8,2578.0,2086.0,
2025-05-29 21:10:14,2025-05-29 22:15:16,Apple Health,Others,5661.0,271.9,3902.0,4431.0,
2025-05-29 21:10:40,2025-05-29 22:12:48,,GPS Walk,6088.0,271.5,3728.0,4162.0,
2025-05-30 18:24:43,2025-05-30 21:28:12,Apple Health,Others,18722.0,895.1,11008.0,14536.0,
2025-05-31 14:21:42,2025-05-31 17:27:19,Apple Health,Others,13451.0,773.5,10613.0,10044.0,
2025-06-01 13:54:58,2025-06-01 19:19:28,Apple Health,Others,27016.0,1655.4,18424.0,20364.0,
2025-06-01 13:56:02,2025-06-01 19:17:46,,GPS Walk,27350.0,1386.9,18268.0,19437.0,
2025-06-02 19:00:39,2025-06-02 20:44:34,Apple Health,Others,8378.0,421.4,5606.0,6129.0,
2025-06-02 19:01:24,2025-06-02 20:44:15,,GPS Walk,8403.0,392.0,5553.0,5608.0,
2025-06-03 15:19:33,2025-06-03 17:50:32,Apple Health,Others,6605.0,438.0,9058.0,5131.0,
2025-06-03 15:19:36,2025-06-03 17:50:49,,GPS Walk,6969.0,527.1,9073.0,6391.0,
2025-06-04 19:05:25,2025-06-04 20:48:39,,GPS Walk,10453.0,490.1,6193.0,7367.0,
2025-06-04 19:06:31,2025-06-04 20:49:07,Apple Health,Others,10323.0,485.6,6155.0,7752.0,
2025-06-05 11:02:50,2025-06-05 12:25:19,Apple Health,Others,6408.0,361.0,4949.0,5254.0,
2025-06-05 11:03:03,2025-06-05 12:25:21,,GPS Walk,6803.0,407.9,4937.0,5476.0,
2025-06-05 17:15:33,2025-06-05 17:30:57,Apple Health,Others,99.0,53.3,924.0,11640.0,
2025-06-06 17:30:45,2025-06-06 19:42:31,Apple Health,Others,10376.0,467.1,7167.0,7274.0,
2025-06-06 17:30:46,2025-06-06 19:42:38,,GPS Walk,10164.0,431.2,7172.0,6433.0,
2025-06-07 09:44:34,2025-06-07 18:10:21,Apple Health,Others,24458.0,1545.8,27579.0,22809.0,
2025-06-07 09:44:52,2025-06-07 16:04:52,,GPS Walk,24363.0,1249.3,20101.0,17848.0,
2025-06-08 17:25:26,2025-06-08 19:48:52,Apple Health,Others,12451.0,611.0,8606.0,9411.0,
2025-06-08 17:25:42,2025-06-08 19:57:45,,GPS Walk,12870.0,567.7,9122.0,8528.0,
2025-06-09 11:18:29,2025-06-09 11:44:29,,GPS Walk,1148.0,117.9,1559.0,1620.0,
2025-06-09 19:07:09,2025-06-09 20:25:36,Apple Health,Others,6632.0,313.0,4706.0,4519.0,
2025-06-09 19:07:21,2025-06-09 20:25:40,,GPS Walk,6354.0,281.6,4699.0,3829.0,
2025-06-10 11:21:14,2025-06-10 12:46:17,Apple Health,Others,5632.0,294.1,5103.0,3840.0,
2025-06-10 23:09:50,2025-06-11 07:53:21,Apple Health,Others,1702.0,646.3,31410.0,5357.0,
2025-06-12 13:12:28,2025-06-12 14:31:30,Apple Health,Others,7023.0,461.7,4741.0,5594.0,
2025-06-12 13:12:30,2025-06-12 14:31:26,,GPS Walk,7654.0,381.0,4735.0,5284.0,
2025-06-12 15:16:53,2025-06-12 15:42:51,Apple Health,Others,1884.0,109.6,1557.0,1741.0,
2025-06-12 15:17:05,2025-06-12 15:42:38,,GPS Walk,2438.0,94.9,1533.0,1669.0,
2025-06-12 16:18:41,2025-06-12 17:24:01,Apple Health,Others,5369.0,363.7,3920.0,4533.0,
2025-06-12 16:18:42,2025-06-12 17:24:05,,GPS Walk,5980.0,309.0,3923.0,4377.0,
2025-06-13 21:30:04,2025-06-13 22:49:39,Apple Health,Others,7244.0,351.4,4774.0,5395.0,
2025-06-14 12:46:53,2025-06-14 18:50:20,Apple Health,Others,16934.0,901.3,15764.0,12000.0,
2025-06-14 12:46:55,2025-06-14 18:50:33,,GPS Walk,16238.0,883.6,15792.0,13148.0,
2025-06-15 15:18:26,2025-06-15 18:21:50,Apple Health,Others,13024.0,726.7,9050.0,9329.0,
2025-06-15 15:18:28,2025-06-15 18:22:16,,GPS Walk,13046.0,633.9,9064.0,8607.0,
2025-06-16 20:48:09,2025-06-16 21:47:06,Apple Health,Others,4947.0,284.7,3537.0,4262.0,
2025-06-16 20:48:11,2025-06-16 21:47:10,,GPS Walk,5494.0,294.5,3538.0,4578.0,
2025-06-17 20:51:28,2025-06-17 22:02:46,Apple Health,Others,7305.0,380.4,4278.0,5615.0,
2025-06-17 20:52:02,2025-06-17 22:02:54,,GPS Walk,7131.0,349.3,4252.0,5104.0,
2025-06-18 19:13:15,2025-06-18 21:36:19,Apple Health,Others,12504.0,714.9,7160.0,10562.0,
2025-06-18 19:14:01,2025-06-18 21:36:05,,GPS Walk,13009.0,701.1,7106.0,10526.0,
2025-06-19 20:04:07,2025-06-19 20:57:12,Apple Health,Others,5274.0,264.2,3184.0,3924.0,
2025-06-19 20:04:08,2025-06-19 20:59:57,,GPS Walk,5093.0,249.5,3348.0,3717.0,
2025-06-20 11:13:55,2025-06-20 12:33:40,,GPS Walk,6720.0,409.2,4784.0,6035.0,
2025-06-20 11:14:01,2025-06-20 12:32:28,Apple Health,Others,6473.0,380.0,4706.0,5537.0,
2025-06-20 22:16:20,2025-06-20 23:20:24,,GPS Walk,6469.0,311.7,3843.0,4919.0,
2025-06-20 22:16:36,2025-06-20 23:27:04,Apple Health,Others,6130.0,339.8,4227.0,4853.0,
2025-06-21 17:08:47,2025-06-21 21:22:28,,GPS Walk,27437.0,1318.4,15221.0,20939.0,
2025-06-21 17:09:05,2025-06-21 21:21:27,Apple Health,Others,26336.0,1324.1,15142.0,21215.0,
2025-06-22 14:54:50,2025-06-22 18:35:43,Apple Health,Others,15555.0,710.2,11642.0,11297.0,
2025-06-22 14:54:52,2025-06-22 18:26:32,,GPS Walk,15436.0,656.6,11065.0,9222.0,
2025-06-24 22:04:23,2025-06-24 23:13:53,Apple Health,Others,5455.0,263.6,4169.0,4465.0,
2025-06-24 22:04:25,2025-06-24 23:12:31,,GPS Walk,6312.0,332.8,4085.0,5636.0,
2025-06-25 21:00:08,2025-06-25 22:25:49,,GPS Walk,7625.0,416.3,5140.0,6048.0,
2025-06-25 21:00:09,2025-06-25 22:25:41,Apple Health,Others,7829.0,402.5,5132.0,6128.0,
2025-06-26 12:04:27,2025-06-26 13:27:11,Apple Health,Others,6527.0,363.9,4963.0,5484.0,
2025-06-26 12:04:29,2025-06-26 13:25:54,,GPS Walk,6835.0,423.4,4885.0,6222.0,
2025-06-27 17:22:21,2025-06-27 18:14:39,Apple Health,Others,59.0,59.3,3138.0,41.0,
2025-06-27 21:38:13,2025-06-27 22:55:01,,GPS Walk,6132.0,274.4,4607.0,4161.0,
2025-06-27 21:38:14,2025-06-27 22:55:15,Apple Health,Others,6111.0,349.9,4621.0,4664.0,
2025-06-28 08:01:57,2025-06-28 16:39:05,Apple Health,Others,16819.0,1074.6,19187.0,11233.0,
2025-06-29 13:27:34,2025-06-29 17:54:56,,GPS Walk,16858.0,620.7,11792.0,8355.0,
2025-06-29 13:27:53,2025-06-29 17:55:12,Apple Health,Others,16286.0,883.3,11996.0,12010.0,
2025-06-30 21:05:40,2025-06-30 22:26:04,,GPS Walk,5963.0,295.5,4824.0,4476.0,
2025-06-30 21:05:51,2025-06-30 22:26:31,Apple Health,Others,0.0,285.6,4836.0,4463.0,
2025-06-30 21:06:06,2025-06-30 22:26:00,Apple Health,Others,6162.0,344.7,4794.0,4827.0,
2025-07-01 19:46:21,2025-07-01 21:14:03,,GPS Walk,7244.0,339.2,5262.0,5076.0,
2025-07-01 19:46:22,2025-07-01 21:14:19,Apple Health,Others,7747.0,447.0,5276.0,6440.0,
2025-07-01 19:46:41,2025-07-01 21:14:35,Apple Health,Others,0.0,376.7,5271.0,5416.0,
2025-07-02 11:51:20,2025-07-02 12:58:52,,GPS Walk,5464.0,405.1,4052.0,5296.0,
2025-07-02 11:51:36,2025-07-02 12:58:02,Apple Health,Others,5420.0,271.1,3986.0,3849.0,
2025-07-02 20:51:07,2025-07-02 22:52:05,,GPS Walk,12313.0,547.0,7257.0,8650.0,
2025-07-02 20:51:23,2025-07-02 22:50:44,Apple Health,Others,11688.0,581.5,7161.0,9001.0,
2025-07-04 20:40:06,2025-07-04 21:50:39,Apple Health,Others,5130.0,310.6,4233.0,4306.0,
2025-07-04 20:40:51,2025-07-04 21:44:23,,GPS Walk,5738.0,275.8,3811.0,4311.0,
2025-07-05 15:43:33,2025-07-05 20:16:04,Apple Health,Others,27854.0,1480.7,16351.0,21809.0,
2025-07-05 15:43:46,2025-07-05 20:16:11,,GPS Walk,27712.0,1288.9,16344.0,21453.0,
2025-07-06 15:49:23,2025-07-06 19:55:37,Apple Health,Others,10369.0,509.7,13227.0,7334.0,
2025-07-07 12:04:12,2025-07-07 13:02:12,Apple Health,Others,4533.0,238.5,3480.0,3469.0,
2025-07-08 21:10:28,2025-07-08 22:09:55,Apple Health,Others,4311.0,244.5,3566.0,3690.0,
2025-07-08 21:10:29,2025-07-08 22:06:57,,GPS Walk,4679.0,237.8,3387.0,3634.0,
2025-07-09 20:13:25,2025-07-09 21:26:38,,GPS Walk,7008.0,351.2,4392.0,5241.0,
2025-07-09 20:13:31,2025-07-09 21:25:16,Apple Health,Others,7173.0,363.2,4304.0,5677.0,
2025-07-10 12:14:47,2025-07-10 15:14:55,Apple Health,Others,3961.0,181.6,3906.0,2597.0,
2025-07-10 12:15:03,2025-07-10 21:22:34,,GPS Walk,25396.0,1278.3,17556.0,20466.0,
2025-07-10 17:42:22,2025-07-10 21:22:16,Apple Health,Others,21309.0,1142.5,13138.0,17008.0,
2025-07-11 18:21:36,2025-07-11 20:33:29,Apple Health,Others,11844.0,598.1,7912.0,8762.0,
2025-07-11 18:21:37,2025-07-11 20:34:50,,GPS Walk,11485.0,548.8,7993.0,8948.0,
2025-07-11 20:43:13,2025-07-11 20:47:36,Apple Health,Others,0.0,29.9,262.0,337.0,
2025-07-12 11:34:49,2025-07-12 16:39:06,,GPS Walk,29371.0,1411.8,17701.0,24074.0,
2025-07-12 11:35:00,2025-07-12 16:39:25,Apple Health,Others,29488.0,1565.0,17681.0,23481.0,
2025-07-13 19:28:05,2025-07-13 21:07:02,Apple Health,Others,8977.0,438.0,5937.0,6839.0,
2025-07-13 19:28:06,2025-07-13 21:07:15,,GPS Walk,9425.0,429.6,5948.0,6727.0,
2025-07-14 21:09:41,2025-07-14 22:14:03,Apple Health,Others,5919.0,255.7,3861.0,4527.0,
2025-07-14 21:09:42,2025-07-14 22:13:47,,GPS Walk,5566.0,288.5,3845.0,4614.0,
2025-07-15 11:13:21,2025-07-15 13:07:24,,GPS Walk,5601.0,422.7,5525.0,5979.0,
2025-07-15 11:13:24,2025-07-15 13:07:14,Apple Health,Others,5787.0,324.9,5513.0,4274.0,
2025-07-16 11:43:17,2025-07-16 13:53:50,Apple Health,Others,7526.0,409.4,5430.0,5877.0,
2025-07-16 11:43:18,2025-07-16 13:53:58,,GPS Walk,7711.0,195.7,5438.0,1981.0,
2025-07-17 11:15:22,2025-07-17 12:41:58,,GPS Walk,7891.0,364.7,5196.0,5716.0,
2025-07-17 11:15:24,2025-07-17 12:41:49,Apple Health,Others,7916.0,414.5,5185.0,5866.0,
2025-07-18 20:29:00,2025-07-18 21:43:52,,GPS Walk,5194.0,295.1,4491.0,3917.0,
2025-07-18 20:29:10,2025-07-18 21:43:44,Apple Health,Others,4666.0,294.6,4473.0,3742.0,
2025-07-19 12:55:52,2025-07-19 20:20:25,,GPS Walk,38414.0,1899.5,24624.0,30064.0,
2025-07-19 12:56:15,2025-07-19 20:20:15,Apple Health,Others,38173.0,2111.3,24565.0,30404.0,
2025-07-20 16:21:31,2025-07-20 20:35:08,,GPS Walk,7744.0,864.4,12574.0,11391.0,
2025-07-20 16:21:52,2025-07-20 20:35:15,Apple Health,Others,8273.0,514.9,12555.0,5997.0,
2025-07-20 21:23:59,2025-07-20 21:51:37,Apple Health,Others,1649.0,103.1,1658.0,1915.0,
2025-07-21 23:40:43,2025-07-21 23:41:48,,GPS Walk,90.0,1.1,60.0,0.0,
2025-07-21 23:46:51,2025-07-22 00:45:34,Apple Health,Others,3741.0,199.6,3523.0,3101.0,
2025-07-21 23:46:52,2025-07-22 00:45:27,,GPS Walk,4358.0,206.9,3515.0,3272.0,
2025-07-22 22:05:55,2025-07-22 23:18:50,Apple Health,Others,6007.0,311.9,4374.0,4742.0,
2025-07-22 22:06:08,2025-07-22 23:19:37,,GPS Walk,6297.0,297.3,4409.0,4834.0,
2025-07-23 15:14:01,2025-07-23 20:15:29,Apple Health,Others,29294.0,1565.6,17500.0,22980.0,
2025-07-23 15:14:04,2025-07-23 20:16:03,,GPS Walk,29586.0,1351.5,17533.0,22279.0,
2025-07-24 21:19:05,2025-07-24 22:22:36,Apple Health,Others,5802.0,224.4,3811.0,4271.0,
2025-07-24 21:19:06,2025-07-24 22:22:58,,GPS Walk,5997.0,281.1,3831.0,4760.0,
2025-07-25 17:37:50,2025-07-25 21:36:24,,GPS Walk,22273.0,947.6,14314.0,16081.0,
2025-07-25 17:38:04,2025-07-25 21:36:30,Apple Health,Others,21061.0,1190.6,14306.0,17020.0,
2025-07-26 12:03:54,2025-07-26 12:46:48,,GPS Walk,2748.0,178.7,2574.0,2394.0,
2025-07-26 12:04:58,2025-07-26 12:50:00,Apple Health,Others,2644.0,151.2,2701.0,2396.0,
2025-07-26 19:15:05,2025-07-26 21:32:17,Apple Health,Others,10710.0,539.4,7367.0,8486.0,
2025-07-26 19:15:32,2025-07-26 21:32:01,,GPS Walk,11637.0,532.8,7325.0,9017.0,
2025-07-27 12:27:31,2025-07-27 13:07:37,Apple Health,Others,1438.0,118.5,2405.0,1445.0,
2025-07-27 12:27:33,2025-07-27 17:09:37,,GPS Walk,6060.0,378.5,7659.0,2985.0,
2025-07-27 13:07:52,2025-07-27 17:13:46,Apple Health,Others,4942.0,392.1,13384.0,3231.0,
2025-07-27 21:20:23,2025-07-27 22:03:20,Apple Health,Others,3796.0,204.7,2577.0,3088.0,
2025-07-27 21:23:19,2025-07-27 22:02:56,,GPS Walk,3994.0,185.0,2376.0,3065.0,
2025-07-29 20:40:03,2025-07-29 22:20:03,Apple Health,Others,10426.0,560.0,6000.0,8219.0,
2025-07-29 20:40:23,2025-07-29 22:20:12,,GPS Walk,10375.0,519.7,5989.0,8762.0,
2025-07-30 19:10:39,2025-07-30 20:16:49,Apple Health,Others,4731.0,250.4,3970.0,3530.0,
2025-07-30 19:10:54,2025-07-30 20:16:57,,GPS Walk,4977.0,244.9,3963.0,3808.0,
2025-07-31 17:37:14,2025-07-31 20:51:48,,GPS Walk,20725.0,908.3,11674.0,15747.0,
2025-07-31 17:37:16,2025-07-31 20:51:39,Apple Health,Others,19637.0,987.2,11662.0,16036.0,
2025-08-01 11:00:38,2025-08-01 12:09:32,,GPS Walk,5771.0,376.2,4133.0,5301.0,
2025-08-01 11:00:40,2025-08-01 12:09:39,Apple Health,Others,5169.0,278.3,4139.0,4236.0,
2025-08-01 12:48:44,2025-08-01 12:59:56,Apple Health,Others,13.0,11.6,672.0,12.0,
2025-08-02 01:43:32,2025-08-02 01:56:30,Apple Health,Others,838.0,40.7,777.0,633.0,
2025-08-02 01:44:01,2025-08-02 01:56:21,,GPS Walk,972.0,46.0,740.0,718.0,
2025-08-02 13:06:58,2025-08-02 16:40:30,Apple Health,Others,12048.0,776.4,11804.0,8604.0,
2025-08-02 13:07:14,2025-08-02 16:40:39,,GPS Walk,11680.0,734.6,11806.0,8200.0,
2025-08-03 14:16:31,2025-08-03 17:37:10,,GPS Walk,13614.0,996.2,12038.0,14433.0,
2025-08-03 15:29:22,2025-08-03 17:37:44,Apple Health,Others,9769.0,487.1,7701.0,8008.0,
2025-08-03 20:16:26,2025-08-03 21:22:32,,GPS Walk,6826.0,333.8,3965.0,5407.0,
2025-08-03 20:16:32,2025-08-03 21:23:07,Apple Health,Others,6864.0,297.5,3994.0,5241.0,
2025-08-04 17:22:02,2025-08-04 22:37:16,,GPS Walk,19500.0,1060.1,16668.0,15745.0,
2025-08-04 17:23:55,2025-08-04 22:37:37,Apple Health,Others,19631.0,962.8,16559.0,15142.0,
2025-08-05 18:53:15,2025-08-05 20:59:18,Apple Health,Others,9774.0,397.0,6377.0,6922.0,
2025-08-05 18:53:17,2025-08-05 21:00:32,,GPS Walk,9572.0,457.7,6442.0,7352.0,
2025-08-06 19:11:42,2025-08-06 21:21:56,Apple Health,Others,13079.0,656.9,7814.0,10592.0,
2025-08-06 19:11:43,2025-08-06 21:22:07,,GPS Walk,13135.0,641.2,7823.0,10154.0,
2025-08-07 11:16:11,2025-08-07 12:23:20,Apple Health,Others,5269.0,253.9,4028.0,3715.0,
2025-08-07 11:16:20,2025-08-07 12:23:32,,GPS Walk,4984.0,428.7,4031.0,6820.0,
2025-08-07 18:03:10,2025-08-07 20:47:31,,GPS Walk,18337.0,836.2,9861.0,14496.0,
2025-08-07 18:04:26,2025-08-07 20:47:50,Apple Health,Others,17134.0,970.0,9804.0,14712.0,
2025-08-08 14:38:04,2025-08-08 21:13:50,Apple Health,Others,18820.0,976.3,23744.0,14129.0,
2025-08-08 14:38:24,2025-08-08 21:14:01,,GPS Walk,18937.0,1115.1,23736.0,15104.0,
2025-08-09 15:28:37,2025-08-09 20:38:30,Apple Health,Others,30265.0,1326.3,18112.0,25111.0,
2025-08-09 15:28:49,2025-08-09 20:38:18,,GPS Walk,30561.0,1486.8,18088.0,25027.0,
2025-08-10 14:00:08,2025-08-10 17:55:59,Apple Health,Others,16255.0,732.8,10709.0,11847.0,
2025-08-10 14:00:09,2025-08-10 17:56:33,,GPS Walk,16253.0,725.4,10755.0,12036.0,
2025-08-10 20:42:55,2025-08-10 22:02:51,Apple Health,Others,6321.0,346.6,4795.0,5458.0,
2025-08-10 20:42:57,2025-08-10 22:00:30,,GPS Walk,7156.0,334.8,4652.0,5556.0,
2025-08-12 02:18:57,2025-08-12 03:25:27,,GPS Walk,6425.0,74.2,3758.0,4778.0,
2025-08-12 02:18:58,2025-08-12 03:25:42,Apple Health,Others,5695.0,331.2,4003.0,5079.0,
2025-08-13 20:28:46,2025-08-13 21:34:38,Apple Health,Others,5754.0,304.1,3952.0,4576.0,
2025-08-13 20:29:59,2025-08-13 21:37:17,,GPS Walk,6300.0,283.9,4037.0,4855.0,
2025-08-14 20:47:05,2025-08-14 23:36:14,,GPS Walk,19571.0,1123.0,10145.0,16861.0,
2025-08-14 20:47:07,2025-08-14 23:36:27,Apple Health,Others,19080.0,1120.8,10159.0,16808.0,
2025-08-15 17:09:37,2025-08-15 20:33:56,Apple Health,Others,15263.0,720.5,10323.0,12777.0,
2025-08-15 17:09:38,2025-08-15 20:29:10,,GPS Walk,15387.0,665.0,10038.0,10823.0,
2025-08-15 22:32:03,2025-08-15 23:35:47,Apple Health,Others,6800.0,417.2,3824.0,5687.0,
2025-08-15 22:32:05,2025-08-15 23:38:50,,GPS Walk,6869.0,380.4,4004.0,5732.0,
2025-08-16 16:07:47,2025-08-16 20:46:06,Apple Health,Others,27055.0,1360.7,16698.0,21890.0,
2025-08-16 16:08:00,2025-08-16 20:45:45,,GPS Walk,27902.0,1398.6,16664.0,20793.0,
2025-08-17 16:22:15,2025-08-17 18:29:34,Apple Health,Others,9033.0,449.4,6017.0,7346.0,
2025-08-17 16:22:27,2025-08-17 18:29:32,,GPS Walk,9844.0,423.2,6020.0,6998.0,
2025-08-17 20:29:14,2025-08-17 21:40:25,Apple Health,Others,6536.0,261.6,4270.0,4684.0,
2025-08-17 20:29:17,2025-08-17 21:39:58,,GPS Walk,6423.0,297.8,4241.0,5124.0,
2025-08-18 19:00:24,2025-08-18 19:42:22,Apple Health,Others,4039.0,223.4,2517.0,3310.0,
2025-08-18 19:00:26,2025-08-18 19:42:10,,GPS Walk,4091.0,197.0,2504.0,3020.0,
2025-08-18 20:52:44,2025-08-18 21:39:38,Apple Health,Others,3873.0,207.6,2814.0,3252.0,
2025-08-18 20:52:46,2025-08-18 21:39:19,,GPS Walk,4443.0,185.8,2793.0,3212.0,
2025-08-19 21:08:12,2025-08-19 22:37:39,,GPS Walk,9388.0,474.4,5366.0,7453.0,
2025-08-19 21:08:14,2025-08-19 22:39:48,Apple Health,Others,9403.0,508.0,5494.0,7420.0,
2025-08-20 14:06:22,2025-08-20 14:22:50,Apple Health,Others,33.0,16.9,987.0,23.0,
2025-08-20 18:05:18,2025-08-20 20:47:10,Apple Health,Others,17902.0,897.2,9711.0,15040.0,
2025-08-20 18:05:58,2025-08-20 20:47:18,,GPS Walk,18316.0,854.6,9679.0,14693.0,
2025-08-21 20:31:21,2025-08-21 21:50:09,,GPS Walk,7329.0,302.3,4727.0,5517.0,
2025-08-22 17:37:11,2025-08-22 20:28:17,Apple Health,Others,18102.0,951.6,9567.0,15315.0,
2025-08-22 17:37:20,2025-08-22 20:28:28,,GPS Walk,18271.0,923.0,9578.0,15027.0,
2025-08-23 15:44:01,2025-08-23 17:57:08,,GPS Walk,12085.0,525.3,7987.0,8356.0,
2025-08-23 15:44:41,2025-08-23 17:57:12,Apple Health,Others,11192.0,607.8,7951.0,8867.0,
2025-08-23 19:12:43,2025-08-23 19:45:03,,GPS Walk,3417.0,161.0,1939.0,2611.0,
2025-08-23 21:56:37,2025-08-23 22:40:59,Apple Health,Others,5509.0,331.7,2662.0,5008.0,
2025-08-23 21:56:39,2025-08-23 22:42:08,,GPS Walk,5839.0,337.3,2728.0,5083.0,
2025-08-23 22:40:57,2025-08-23 22:52:42,Apple Health,Others,233.0,62.0,705.0,933.0,
2025-08-24 14:49:06,2025-08-24 18:59:29,Apple Health,Others,24222.0,1187.3,13111.0,19280.0,
2025-08-24 14:50:30,2025-08-24 18:44:44,,GPS Walk,22937.0,949.1,14054.0,17381.0,
2025-08-26 00:18:07,2025-08-26 09:15:02,Apple Health,Others,1050.0,585.9,32214.0,2738.0,
2025-08-26 10:51:31,2025-08-26 12:12:11,Apple Health,Others,6007.0,330.7,4840.0,4815.0,
2025-08-26 10:51:32,2025-08-26 12:09:24,,GPS Walk,6412.0,225.3,4672.0,3057.0,
2025-08-26 21:33:28,2025-08-26 22:17:01,Apple Health,Others,4211.0,246.9,2612.0,3409.0,
2025-08-26 21:33:44,2025-08-26 22:16:41,,GPS Walk,4485.0,216.0,2576.0,3322.0,
2025-08-27 21:16:38,2025-08-27 22:36:09,Apple Health,Others,8366.0,481.2,4770.0,8027.0,
2025-08-27 21:16:39,2025-08-27 22:44:12,,GPS Walk,10359.0,569.0,5252.0,8687.0,
2025-08-27 22:36:26,2025-08-27 22:44:04,Apple Health,Others,712.0,35.5,457.0,537.0,
2025-08-28 15:48:49,2025-08-28 18:00:14,Apple Health,Others,9815.0,503.7,7884.0,7867.0,
2025-08-28 15:48:50,2025-08-28 18:00:20,,GPS Walk,9604.0,549.9,7889.0,8433.0,
2025-08-28 20:12:26,2025-08-28 21:18:23,Apple Health,Others,6292.0,302.0,3957.0,5301.0,
2025-08-28 20:12:51,2025-08-28 21:18:20,,GPS Walk,6788.0,317.8,3928.0,5440.0,
2025-08-29 00:51:04,2025-08-29 01:34:13,Apple Health,Others,3815.0,156.0,2589.0,3167.0,
2025-08-29 00:51:15,2025-08-29 01:35:21,,GPS Walk,4430.0,187.5,2645.0,3375.0,
2025-08-29 11:15:57,2025-08-29 14:45:08,,GPS Walk,8717.0,790.8,12550.0,8503.0,
2025-08-29 11:36:10,2025-08-29 14:54:16,Apple Health,Others,8269.0,464.1,11886.0,6018.0,
2025-08-30 16:26:49,2025-08-30 21:18:45,Apple Health,Others,31946.0,1327.7,17135.0,25351.0,
2025-08-30 16:27:09,2025-08-30 21:18:59,,GPS Walk,32687.0,1503.7,17502.0,25444.0,
2025-08-31 12:30:01,2025-08-31 13:11:27,Apple Health,Others,2983.0,154.3,2485.0,2388.0,
2025-08-31 12:30:03,2025-08-31 13:10:58,,GPS Walk,3642.0,208.1,2454.0,3152.0,
2025-08-31 17:17:32,2025-08-31 19:19:31,,GPS Walk,11725.0,494.1,7318.0,8611.0,
2025-08-31 18:01:11,2025-08-31 19:36:32,Apple Health,Others,7585.0,271.5,5721.0,5554.0,
2025-09-01 19:32:59,2025-09-01 21:35:55,,GPS Walk,11191.0,562.2,5999.0,8779.0,
2025-09-02 07:32:22,2025-09-02 08:06:07,Apple Health,Others,2343.0,176.1,2024.0,3088.0,
2025-09-02 07:32:31,2025-09-02 08:10:11,,GPS Walk,4180.0,188.8,2259.0,3251.0,
2025-09-02 11:24:52,2025-09-02 12:26:48,Apple Health,Others,4481.0,253.1,3715.0,3907.0,
2025-09-02 11:24:54,2025-09-02 12:26:40,,GPS Walk,5425.0,119.6,3705.0,996.0,
2025-09-03 22:17:53,2025-09-03 22:48:55,,GPS Walk,2164.0,104.8,1845.0,1518.0,
2025-09-03 23:16:24,2025-09-03 23:48:37,Apple Health,Others,2413.0,164.6,1932.0,2601.0,
2025-09-03 23:16:26,2025-09-03 23:47:44,,GPS Walk,3397.0,143.6,1877.0,2552.0,
2025-09-04 13:22:29,2025-09-04 13:41:26,,GPS Walk,687.0,99.5,1137.0,1324.0,
2025-09-04 19:31:37,2025-09-04 19:53:32,,GPS Walk,1651.0,69.3,1017.0,1248.0,
2025-09-05 00:53:00,2025-09-05 02:00:37,Apple Health,Others,6292.0,301.2,4057.0,5389.0,
2025-09-05 00:53:33,2025-09-05 02:04:23,,GPS Walk,7280.0,324.3,4250.0,5581.0,
2025-09-05 11:31:22,2025-09-05 12:40:27,Apple Health,Others,5933.0,284.2,4144.0,4157.0,
2025-09-05 11:31:23,2025-09-05 12:40:15,,GPS Walk,5708.0,350.8,4131.0,4988.0,
2025-09-05 22:58:48,2025-09-05 23:18:34,,GPS Walk,1606.0,73.5,1185.0,1161.0,
2025-09-06 14:14:30,2025-09-06 19:43:52,Apple Health,Others,26346.0,1105.1,14900.0,20047.0,
2025-09-06 14:14:31,2025-09-06 19:53:22,,GPS Walk,26816.0,1220.3,15519.0,20412.0,
2025-09-07 12:44:38,2025-09-07 18:40:18,,GPS Walk,33645.0,1738.8,20713.0,25271.0,
2025-09-07 12:44:39,2025-09-07 18:37:27,Apple Health,Others,33032.0,1699.5,20407.0,26038.0,
2025-09-08 13:22:47,2025-09-08 13:28:06,Apple Health,Others,0.0,5.3,318.0,14.0,
2025-09-09 17:16:06,2025-09-09 20:07:28,,GPS Walk,19617.0,976.6,10281.0,15461.0,
2025-09-09 17:16:08,2025-09-09 20:07:18,Apple Health,Others,18638.0,923.6,10269.0,15015.0,
2025-09-10 20:53:09,2025-09-10 22:39:41,,GPS Walk,12843.0,724.1,6392.0,10774.0,
2025-09-10 20:53:26,2025-09-10 22:39:28,Apple Health,Others,11954.0,678.9,6292.0,10548.0,
2025-09-12 17:17:39,2025-09-12 19:51:36,,GPS Walk,18806.0,954.9,9237.0,15678.0,
2025-09-12 17:18:34,2025-09-12 19:51:12,Apple Health,Others,18233.0,948.1,9158.0,15266.0,
2025-09-13 19:39:38,2025-09-13 21:08:04,,GPS Walk,10072.0,461.0,5305.0,8121.0,
2025-09-13 19:40:17,2025-09-13 21:07:05,Apple Health,Others,9260.0,517.7,5208.0,8169.0,
2025-09-14 17:55:04,2025-09-14 20:25:37,Apple Health,Others,17408.0,874.1,9032.0,14368.0,
2025-09-14 17:55:25,2025-09-14 20:25:45,,GPS Walk,17850.0,889.5,9020.0,14718.0,
2025-09-15 19:06:45,2025-09-15 19:36:43,Apple Health,Others,2299.0,139.3,1797.0,2576.0,
2025-09-15 19:06:47,2025-09-15 19:36:30,,GPS Walk,3010.0,162.3,1783.0,2509.0,
2025-09-16 00:52:12,2025-09-16 02:06:11,,GPS Walk,7118.0,313.3,4439.0,5467.0,
2025-09-16 00:52:45,2025-09-16 02:09:06,Apple Health,Others,5798.0,244.7,4525.0,5297.0,
2025-09-16 19:42:43,2025-09-16 22:02:18,,GPS Walk,13126.0,576.4,7435.0,9503.0,
2025-09-16 19:42:45,2025-09-16 22:02:08,Apple Health,Others,13248.0,523.4,7243.0,9676.0,
2025-09-17 19:48:10,2025-09-17 22:54:42,Apple Health,Others,13425.0,682.2,6645.0,10276.0,
2025-09-17 19:48:22,2025-09-17 22:54:37,,GPS Walk,12724.0,663.3,6635.0,10261.0,
2025-09-18 11:52:24,2025-09-18 12:12:24,,GPS Walk,1338.0,106.7,1199.0,1441.0,
2025-09-18 23:22:05,2025-09-19 00:00:43,Apple Health,Others,3098.0,156.5,2318.0,2698.0,
2025-09-20 13:24:10,2025-09-20 17:16:41,Apple Health,Others,9640.0,448.9,13946.0,6846.0,
2025-09-20 13:24:11,2025-09-20 18:35:28,,GPS Walk,9262.0,499.0,18676.0,3233.0,
2025-09-21 16:01:34,2025-09-21 18:39:57,,GPS Walk,15420.0,729.4,9503.0,12195.0,
2025-09-21 16:02:02,2025-09-21 18:37:58,Apple Health,Others,15059.0,686.0,9355.0,11737.0,
2025-09-22 07:43:18,2025-09-22 08:28:25,Apple Health,Others,4342.0,192.9,2706.0,3620.0,
2025-09-22 07:43:28,2025-09-22 08:28:34,,GPS Walk,4478.0,208.1,2706.0,3328.0,
2025-09-22 11:11:13,2025-09-22 12:12:58,,GPS Walk,5816.0,251.7,3705.0,3923.0,
2025-09-22 11:11:17,2025-09-22 12:12:52,Apple Health,Others,4875.0,274.9,3694.0,4633.0,
2025-09-22 23:23:30,2025-09-23 00:24:15,Apple Health,Others,462.0,80.4,3645.0,482.0,
2025-09-23 20:08:49,2025-09-23 22:39:51,,GPS Walk,14107.0,754.3,7147.0,11392.0,
2025-09-24 23:12:08,2025-09-24 23:53:47,Apple Health,Others,3910.0,192.0,2499.0,3720.0,
2025-09-24 23:12:09,2025-09-24 23:53:43,,GPS Walk,4677.0,211.0,2493.0,3477.0,
2025-09-25 00:05:12,2025-09-25 00:50:36,Apple Health,Others,4245.0,210.8,2723.0,3614.0,
2025-09-25 00:05:24,2025-09-25 00:56:08,,GPS Walk,4363.0,235.9,3043.0,3389.0,
2025-09-25 07:40:02,2025-09-25 08:19:46,Apple Health,Others,4237.0,172.6,2384.0,3470.0,
2025-09-25 07:40:03,2025-09-25 08:19:42,,GPS Walk,4389.0,184.0,2378.0,3157.0,
2025-09-25 21:44:48,2025-09-25 23:56:15,Apple Health,Others,1010.0,164.4,7886.0,2216.0,
2025-09-26 20:05:04,2025-09-26 20:46:42,Apple Health,Others,4247.0,192.3,2497.0,3361.0,
2025-09-26 20:05:06,2025-09-26 20:46:55,,GPS Walk,4149.0,230.8,2509.0,3315.0,
2025-09-26 22:28:47,2025-09-26 22:45:02,Apple Health,Others,814.0,168.1,975.0,2084.0,
2025-09-27 14:53:37,2025-09-27 19:00:41,Apple Health,Others,17325.0,822.4,12017.0,12268.0,
2025-09-27 14:54:01,2025-09-27 19:00:37,,GPS Walk,17041.0,910.6,11988.0,12403.0,
2025-09-27 21:53:30,2025-09-27 23:08:54,Apple Health,Others,5762.0,250.9,4523.0,4816.0,
2025-09-28 17:10:47,2025-09-28 22:25:09,Apple Health,Others,26434.0,1241.7,14709.0,20460.0,
2025-09-28 17:11:02,2025-09-28 22:25:05,,GPS Walk,26923.0,1393.4,14824.0,21289.0,
2025-09-29 21:24:47,2025-09-29 22:50:03,,GPS Walk,8981.0,449.1,5116.0,6901.0,
2025-09-29 21:25:41,2025-09-29 22:49:47,Apple Health,Others,8258.0,377.6,5046.0,6788.0,
2025-09-30 20:13:02,2025-09-30 22:20:21,,GPS Walk,10498.0,552.5,5806.0,8088.0,
2025-10-01 07:41:49,2025-10-01 08:22:16,,GPS Walk,4394.0,201.4,2427.0,3336.0,
2025-10-01 07:43:00,2025-10-01 08:22:19,Apple Health,Others,3410.0,173.0,2358.0,3478.0,
2025-10-01 11:09:52,2025-10-01 12:15:12,Apple Health,Others,6213.0,296.0,3920.0,5040.0,
2025-10-01 11:09:53,2025-10-01 12:15:22,,GPS Walk,6183.0,321.2,3928.0,5480.0,
2025-10-02 16:40:07,2025-10-02 16:56:43,Apple Health,Others,0.0,76.5,996.0,1393.0,
2025-10-02 17:36:26,2025-10-02 20:04:55,Apple Health,Others,15869.0,684.6,8909.0,13514.0,
2025-10-02 17:36:47,2025-10-02 20:05:03,,GPS Walk,16960.0,801.2,8896.0,13179.0,
2025-10-03 16:15:53,2025-10-03 18:30:31,,GPS Walk,16263.0,935.6,7826.0,13782.0,
2025-10-03 16:16:07,2025-10-03 18:30:21,Apple Health,Others,15114.0,832.9,7775.0,13484.0,
2025-10-04 10:17:41,2025-10-04 13:53:40,Apple Health,Others,17497.0,629.9,11485.0,13442.0,
2025-10-04 10:18:01,2025-10-04 13:53:53,,GPS Walk,17840.0,735.5,11478.0,12808.0,
2025-10-04 22:17:34,2025-10-04 23:20:06,Apple Health,Others,7487.0,329.6,3711.0,6169.0,
2025-10-04 22:17:36,2025-10-04 23:20:13,,GPS Walk,7522.0,388.6,3720.0,6206.0,
2025-10-05 13:13:46,2025-10-05 16:55:08,,GPS Walk,20053.0,1009.9,10364.0,16299.0,
2025-10-05 13:13:59,2025-10-05 16:55:01,Apple Health,Others,20168.0,914.3,10274.0,16498.0,
2025-10-05 18:36:54,2025-10-05 20:05:49,Apple Health,Others,7524.0,296.6,5335.0,5701.0,
2025-10-05 18:37:06,2025-10-05 20:06:02,,GPS Walk,8197.0,328.2,5336.0,5652.0,
2025-10-06 08:07:28,2025-10-06 09:13:24,,GPS Walk,6370.0,291.9,3956.0,5020.0,
2025-10-06 08:07:47,2025-10-06 09:13:18,Apple Health,Others,6034.0,253.0,3931.0,4908.0,
2025-10-06 10:12:46,2025-10-06 11:28:33,,GPS Walk,5700.0,248.0,4546.0,4015.0,
2025-10-06 10:12:49,2025-10-06 11:27:32,Apple Health,Others,5128.0,217.5,4483.0,3734.0,
2025-10-06 21:08:16,2025-10-06 22:03:58,,GPS Walk,5034.0,276.6,3341.0,4233.0,
2025-10-06 21:08:21,2025-10-06 22:03:39,Apple Health,Others,4914.0,199.1,3317.0,3949.0,
2025-10-07 17:18:19,2025-10-07 19:31:48,,GPS Walk,15981.0,857.4,7820.0,12667.0,
2025-10-07 17:18:25,2025-10-07 19:30:17,Apple Health,Others,15643.0,738.9,7643.0,12719.0,
2025-10-08 07:43:10,2025-10-08 07:46:43,Apple Health,Others,0.0,10.1,212.0,220.0,
2025-10-08 07:43:24,2025-10-08 07:46:42,,GPS Walk,244.0,10.8,198.0,176.0,
2025-10-08 11:25:15,2025-10-08 16:57:45,Apple Health,Others,28782.0,1280.6,18805.0,22960.0,
2025-10-08 11:25:27,2025-10-08 16:57:53,,GPS Walk,28668.0,1376.5,18862.0,23709.0,
2025-10-08 20:26:32,2025-10-08 21:00:22,Apple Health,Others,2465.0,122.2,2029.0,2370.0,
2025-10-09 10:44:57,2025-10-09 15:10:00,Apple Health,Others,8675.0,505.1,10146.0,10471.0,
2025-10-09 10:45:08,2025-10-09 21:08:08,,GPS Walk,25051.0,1431.2,24461.0,18685.0,
2025-10-09 15:59:59,2025-10-09 21:08:01,Apple Health,Others,16539.0,647.7,14749.0,11516.0,
2025-10-10 14:41:45,2025-10-10 16:53:20,Apple Health,Others,3044.0,169.3,6375.0,2381.0,
2025-10-10 14:41:47,2025-10-10 21:12:12,,GPS Walk,16231.0,987.4,14045.0,15098.0,
2025-10-10 19:13:07,2025-10-10 21:12:25,Apple Health,Others,11726.0,580.1,7157.0,9884.0,
2025-10-11 19:52:24,2025-10-11 21:07:59,,GPS Walk,9146.0,501.1,4534.0,7299.0,
2025-10-11 19:52:49,2025-10-11 21:08:02,Apple Health,Others,9119.0,491.3,4289.0,7346.0,
2025-10-12 16:09:19,2025-10-12 19:28:08,Apple Health,Others,21633.0,998.2,10588.0,17192.0,
2025-10-12 16:09:42,2025-10-12 19:29:15,,GPS Walk,21713.0,1142.2,10870.0,17399.0,
2025-10-14 19:02:46,2025-10-14 20:28:04,Apple Health,Others,8714.0,407.2,5117.0,7490.0,
2025-10-14 19:03:15,2025-10-14 20:28:10,,GPS Walk,9507.0,492.8,5095.0,7612.0,
2025-10-15 20:16:38,2025-10-15 22:58:20,Apple Health,Others,14123.0,560.1,8862.0,10730.0,
2025-10-16 11:56:46,2025-10-16 12:15:11,Apple Health,Others,848.0,45.2,1104.0,1008.0,
2025-10-17 12:05:09,2025-10-17 13:09:33,,GPS Walk,5702.0,284.2,3863.0,4419.0,
2025-10-17 12:05:13,2025-10-17 13:09:43,Apple Health,Others,4666.0,239.9,3869.0,4355.0,
2025-10-17 18:57:00,2025-10-17 23:17:20,,GPS Walk,6915.0,326.9,5147.0,4882.0,
2025-10-17 18:57:01,2025-10-17 23:17:12,Apple Health,Others,7263.0,280.6,5104.0,5070.0,
2025-10-18 13:50:06,2025-10-18 21:04:59,Apple Health,Others,34868.0,1478.8,22019.0,28003.0,
2025-10-18 14:08:09,2025-10-18 21:05:13,,GPS Walk,34258.0,1745.6,22621.0,27891.0,
2025-10-19 13:40:13,2025-10-19 18:38:04,Apple Health,Others,17908.0,768.9,15772.0,13031.0,
2025-10-19 13:40:15,2025-10-19 18:39:18,,GPS Walk,18050.0,978.0,16478.0,14484.0,
2025-10-19 20:12:58,2025-10-19 21:59:13,Apple Health,Others,8760.0,386.6,5168.0,7145.0,
2025-10-19 20:12:59,2025-10-19 21:58:43,,GPS Walk,9009.0,483.9,5138.0,7374.0,
2025-10-20 11:57:31,2025-10-20 12:19:56,Apple Health,Others,1697.0,61.8,1345.0,1227.0,
2025-10-21 11:36:29,2025-10-21 12:52:45,Apple Health,Others,6999.0,358.0,4575.0,5815.0,
2025-10-21 11:36:31,2025-10-21 12:52:29,,GPS Walk,7495.0,348.6,4558.0,5402.0,
2025-10-22 19:29:56,2025-10-22 21:23:17,,GPS Walk,13329.0,721.4,6800.0,10473.0,
2025-10-22 19:32:05,2025-10-22 21:21:31,Apple Health,Others,13278.0,687.4,6566.0,10555.0,
2025-10-23 20:23:04,2025-10-23 21:43:39,Apple Health,Others,7870.0,334.9,4834.0,5875.0,
2025-10-23 20:23:16,2025-10-23 21:43:47,,GPS Walk,8052.0,368.2,4831.0,6223.0,
2025-10-24 11:16:50,2025-10-24 12:55:11,Apple Health,Others,6011.0,294.8,4745.0,5195.0,
2025-10-24 23:37:45,2025-10-25 00:23:09,,GPS Walk,4360.0,208.8,2723.0,3216.0,
2025-10-24 23:37:46,2025-10-25 00:24:01,Apple Health,Others,3235.0,200.0,2775.0,3249.0,
2025-10-25 13:43:51,2025-10-25 19:06:05,,GPS Walk,33334.0,1634.0,19334.0,26058.0,
2025-10-25 13:44:03,2025-10-25 19:06:10,Apple Health,Others,32487.0,1339.9,19327.0,26906.0,
2025-10-26 11:50:02,2025-10-26 17:50:20,Apple Health,Others,27969.0,1135.4,19521.0,22739.0,
2025-10-26 11:50:14,2025-10-26 17:50:00,,GPS Walk,28985.0,1369.3,19475.0,22275.0,
2025-10-26 20:19:22,2025-10-26 21:34:38,,GPS Walk,7849.0,351.1,4516.0,5770.0,
2025-10-26 20:30:22,2025-10-26 21:34:06,Apple Health,Others,5921.0,241.0,3823.0,4999.0,
2025-10-27 23:54:20,2025-10-28 00:46:22,,GPS Walk,4545.0,210.4,2966.0,3217.0,
2025-10-27 23:55:55,2025-10-28 00:50:28,Apple Health,Others,3886.0,159.6,3273.0,3317.0,
2025-10-28 11:55:00,2025-10-28 12:19:51,Apple Health,Others,1667.0,70.8,1491.0,1386.0,
2025-10-28 21:17:52,2025-10-28 22:33:56,,GPS Walk,7605.0,363.2,4563.0,5873.0,
2025-10-28 21:20:28,2025-10-28 22:33:39,Apple Health,Others,7097.0,265.5,4391.0,5330.0,
2025-10-30 20:40:29,2025-10-30 21:22:00,Apple Health,Others,4349.0,216.8,2491.0,3437.0,
2025-10-31 11:07:25,2025-10-31 12:17:07,Apple Health,Others,6561.0,310.1,4182.0,5174.0,
2025-10-31 11:07:41,2025-10-31 12:16:57,,GPS Walk,6713.0,343.4,4155.0,5064.0,
2025-10-31 18:04:25,2025-10-31 22:14:51,Apple Health,Others,10664.0,549.8,15025.0,7864.0,
2025-10-31 18:04:38,2025-10-31 22:14:55,,GPS Walk,11756.0,863.4,15016.0,11655.0,
2025-11-01 18:11:09,2025-11-01 21:51:14,,GPS Walk,7751.0,367.2,5547.0,5400.0,
2025-11-01 18:20:27,2025-11-01 21:51:17,Apple Health,Others,6434.0,252.7,4991.0,4939.0,
2025-11-02 09:57:30,2025-11-02 18:48:30,,GPS Walk,33334.0,2054.0,27282.0,26260.0,
2025-11-02 09:57:48,2025-11-02 18:48:08,Apple Health,Others,33519.0,1519.0,27247.0,25087.0,
2025-11-03 11:34:03,2025-11-03 12:04:53,,GPS Walk,2287.0,138.4,1849.0,1940.0,
2025-11-03 11:42:34,2025-11-03 11:59:40,Apple Health,Others,0.0,61.8,1025.0,1295.0,
2025-11-03 23:37:22,2025-11-03 23:58:19,,GPS Walk,1324.0,67.6,1257.0,1045.0,
2025-11-04 19:53:38,2025-11-04 22:36:42,,GPS Walk,15070.0,806.6,7427.0,11509.0,
2025-11-04 19:53:43,2025-11-04 22:36:46,Apple Health,Others,15389.0,735.4,7260.0,11759.0,
2025-11-05 11:58:34,2025-11-05 13:16:20,,GPS Walk,7051.0,296.5,4666.0,3990.0,
2025-11-05 11:58:43,2025-11-05 13:16:12,Apple Health,Others,6214.0,293.3,4649.0,5299.0,
2025-11-06 01:14:55,2025-11-06 01:46:58,Apple Health,Others,3084.0,110.7,1923.0,2184.0,
2025-11-06 11:15:50,2025-11-06 17:08:30,Apple Health,Others,8626.0,415.8,6732.0,6650.0,
2025-11-06 11:15:51,2025-11-06 17:08:17,,GPS Walk,8284.0,496.2,10074.0,6279.0,
2025-11-07 20:18:23,2025-11-07 23:24:31,,GPS Walk,11069.0,552.2,6112.0,8630.0,
2025-11-07 20:18:24,2025-11-07 23:24:45,Apple Health,Others,11187.0,503.9,6112.0,8732.0,
2025-11-08 16:47:39,2025-11-08 18:56:06,Apple Health,Others,12541.0,491.9,7707.0,9654.0,
2025-11-08 16:47:40,2025-11-08 19:05:35,,GPS Walk,13169.0,546.2,8274.0,9085.0,
2025-11-09 10:26:01,2025-11-09 16:50:41,,GPS Walk,33491.0,2222.8,23077.0,25024.0,
2025-11-09 10:52:43,2025-11-09 16:39:41,Apple Health,Others,30894.0,1940.7,20818.0,22990.0,
2025-11-10 11:52:03,2025-11-10 12:22:25,Apple Health,Others,1887.0,93.0,1822.0,1910.0,
2025-11-10 21:10:08,2025-11-10 23:07:03,Apple Health,Others,7860.0,343.4,4862.0,6611.0,
2025-11-10 21:10:21,2025-11-10 22:30:50,,GPS Walk,8701.0,396.2,4828.0,6705.0,
2025-11-11 11:25:38,2025-11-11 12:01:39,,GPS Walk,2960.0,131.9,2161.0,2016.0,
2025-11-11 20:10:29,2025-11-11 23:02:18,,GPS Walk,13618.0,701.5,9075.0,10546.0,
2025-11-11 20:11:03,2025-11-11 22:45:55,Apple Health,Others,13105.0,544.9,7489.0,10681.0,
2025-11-12 19:01:06,2025-11-12 22:24:56,,GPS Walk,14016.0,736.5,12228.0,10747.0,
2025-11-12 19:04:35,2025-11-12 22:12:02,Apple Health,Others,14733.0,552.8,7888.0,10756.0,
2025-11-13 09:49:40,2025-11-13 22:55:42,,GPS Walk,20402.0,3320.5,32410.0,51165.0,
2025-11-13 21:21:16,2025-11-13 22:45:39,Apple Health,Others,6973.0,314.1,5063.0,5554.0,
2025-11-14 11:44:51,2025-11-14 23:37:59,,GPS Walk,18265.0,1588.2,26316.0,28094.0,
2025-11-14 23:43:19,2025-11-15 00:46:24,Apple Health,Others,3880.0,141.1,3785.0,2719.0,
2025-11-14 23:43:46,2025-11-15 00:46:36,,GPS Walk,4286.0,178.0,3770.0,2840.0,
2025-11-15 10:44:07,2025-11-15 20:25:35,,GPS Walk,20169.0,2165.9,26311.0,35223.0,
2025-11-15 12:41:45,2025-11-15 20:26:44,Apple Health,Others,17542.0,783.7,17861.0,11579.0,
2025-11-16 17:55:35,2025-11-16 20:26:10,,GPS Walk,15669.0,697.4,9035.0,11601.0,
2025-11-16 17:55:36,2025-11-16 20:26:02,Apple Health,Others,15056.0,617.6,9025.0,12090.0,
2025-11-17 21:10:41,2025-11-17 22:44:52,,GPS Walk,6309.0,346.3,5650.0,4941.0,
2025-11-18 09:01:54,2025-11-18 09:30:01,Apple Health,Others,1797.0,101.1,1687.0,1265.0,
2025-11-18 19:46:21,2025-11-18 21:28:54,Apple Health,Others,7889.0,409.8,6153.0,6907.0,
2025-11-18 19:46:39,2025-11-18 21:28:43,,GPS Walk,8396.0,431.8,6124.0,6535.0,
2025-11-19 19:40:54,2025-11-19 20:05:38,Apple Health,Others,1355.0,67.2,1483.0,1467.0,
2025-11-20 20:28:44,2025-11-20 23:43:07,Apple Health,Others,11017.0,401.5,6601.0,7945.0,
2025-11-20 20:28:45,2025-11-20 23:43:14,,GPS Walk,11010.0,470.1,6591.0,7821.0,
2025-11-21 18:44:59,2025-11-21 22:20:55,,GPS Walk,20516.0,845.4,12521.0,14943.0,
2025-11-21 18:45:01,2025-11-21 22:09:46,Apple Health,Others,19779.0,745.7,11839.0,15269.0,
2025-11-22 11:15:04,2025-11-22 19:29:35,Apple Health,Others,39742.0,1607.1,22612.0,32957.0,
2025-11-22 11:16:46,2025-11-22 19:28:53,,GPS Walk,40118.0,2004.5,22470.0,32778.0,
2025-11-23 15:58:56,2025-11-23 18:21:14,,GPS Walk,14721.0,660.5,8537.0,10784.0,
2025-11-23 15:58:58,2025-11-23 16:03:20,Apple Health,Others,0.0,12.8,262.0,281.0,
2025-11-23 16:03:26,2025-11-23 18:20:45,Apple Health,Others,13598.0,545.7,8239.0,10718.0,
2025-11-25 05:17:58,2025-11-25 10:04:03,Apple Health,Others,25.0,288.9,17164.0,20.0,
2025-11-25 18:04:57,2025-11-25 18:58:44,Apple Health,Others,4181.0,183.8,3226.0,3500.0,
2025-11-26 14:44:27,2025-11-26 19:24:26,Apple Health,Others,19733.0,878.6,10805.0,15245.0,
2025-11-26 14:44:29,2025-11-26 19:29:39,,GPS Walk,19766.0,978.6,11127.0,15605.0,
2025-11-27 11:16:53,2025-11-27 12:31:17,,GPS Walk,7357.0,361.2,4464.0,5573.0,
2025-11-27 22:34:22,2025-11-27 23:42:14,,GPS Walk,7432.0,365.4,4071.0,5833.0,
2025-11-27 22:36:12,2025-11-27 23:42:00,Apple Health,Others,7292.0,306.8,3947.0,5693.0,
2025-11-27 22:36:43,2025-11-27 23:42:08,Apple Health,Others,0.0,210.9,3925.0,5044.0,
2025-11-28 11:27:50,2025-11-28 12:41:08,Apple Health,Others,7259.0,348.6,4398.0,6226.0,
2025-11-28 11:28:01,2025-11-28 12:40:54,,GPS Walk,7508.0,405.1,4372.0,6103.0,
2025-11-28 22:07:12,2025-11-28 23:26:53,,GPS Walk,8123.0,332.2,4780.0,5743.0,
2025-11-28 22:07:20,2025-11-28 23:26:46,Apple Health,Others,7550.0,292.9,4765.0,5574.0,
2025-11-29 15:12:47,2025-11-29 21:44:42,Apple Health,Others,20748.0,948.1,21461.0,17041.0,
2025-11-29 15:12:48,2025-11-29 21:44:35,,GPS Walk,20348.0,1320.4,21444.0,20914.0,
2025-11-30 19:41:40,2025-11-30 21:44:39,Apple Health,Others,13323.0,582.1,7378.0,10614.0,
2025-11-30 19:42:10,2025-11-30 21:51:44,,GPS Walk,13641.0,645.9,7773.0,10593.0,
2025-12-01 22:01:26,2025-12-01 23:10:23,Apple Health,Others,6657.0,309.9,4121.0,5756.0,
2025-12-01 22:01:36,2025-12-01 23:10:28,,GPS Walk,7386.0,306.4,4131.0,5494.0,
2025-12-04 14:06:32,2025-12-04 18:24:57,Apple Health,Others,28615.0,1197.5,15504.0,23236.0,
2025-12-04 14:07:06,2025-12-04 18:25:14,,GPS Walk,29240.0,1397.9,15487.0,22847.0,
2025-12-05 17:17:31,2025-12-05 22:21:05,,GPS Walk,14599.0,614.0,12150.0,9810.0,
2025-12-05 17:17:38,2025-12-05 22:20:55,Apple Health,Others,15042.0,587.1,12134.0,10182.0,
2025-12-06 12:43:15,2025-12-06 13:14:42,Apple Health,Others,2203.0,101.9,1887.0,2305.0,
2025-12-06 15:41:02,2025-12-06 21:38:37,Apple Health,Others,13564.0,660.1,18050.0,19160.0,
2025-12-06 15:41:04,2025-12-06 21:38:34,,GPS Walk,13745.0,1628.9,19643.0,28475.0,
2025-12-07 10:32:01,2025-12-07 12:55:25,Apple Health,Others,9509.0,375.0,5918.0,7156.0,
2025-12-07 10:32:02,2025-12-07 12:55:30,,GPS Walk,9564.0,396.4,5922.0,7123.0,
2025-12-07 17:06:23,2025-12-07 18:40:53,Apple Health,Others,9641.0,357.7,5670.0,7230.0,
2025-12-07 17:06:43,2025-12-07 18:41:00,,GPS Walk,9696.0,432.3,5657.0,7313.0,
2025-12-08 11:28:07,2025-12-08 12:36:58,Apple Health,Others,6803.0,290.6,4130.0,5537.0,
2025-12-08 11:28:20,2025-12-08 12:37:54,,GPS Walk,6928.0,349.9,4173.0,5517.0,
2025-12-08 23:00:14,2025-12-08 23:23:25,Apple Health,Others,335.0,33.3,1391.0,1472.0,
2025-12-09 12:06:09,2025-12-09 13:29:38,,GPS Walk,7370.0,380.2,5009.0,5764.0,
2025-12-09 12:06:10,2025-12-09 13:29:23,Apple Health,Others,7465.0,361.1,4992.0,6007.0,
2025-12-10 20:13:44,2025-12-10 23:18:22,Apple Health,Others,11755.0,425.5,7261.0,8309.0,
2025-12-11 11:16:22,2025-12-11 12:29:32,,GPS Walk,7111.0,379.8,4390.0,5681.0,
2025-12-12 11:44:37,2025-12-12 12:33:55,Apple Health,Others,2726.0,137.3,2957.0,2096.0,
2025-12-12 18:27:22,2025-12-12 22:17:09,Apple Health,Others,15296.0,647.5,8642.0,11494.0,
2025-12-13 12:01:01,2025-12-13 12:23:45,Apple Health,Others,85.0,32.2,1363.0,4647.0,
2025-12-13 17:02:16,2025-12-13 21:31:05,Apple Health,Others,28300.0,1347.5,16129.0,22707.0,
2025-12-13 17:05:31,2025-12-13 21:31:13,,GPS Walk,28382.0,1329.9,15942.0,22397.0,
2025-12-14 12:45:39,2025-12-14 19:00:25,,GPS Walk,28777.0,1502.6,20446.0,18678.0,
2025-12-14 12:45:50,2025-12-14 19:00:19,Apple Health,Others,28334.0,1420.9,20423.0,20462.0,
2025-12-15 11:28:29,2025-12-15 12:48:54,Apple Health,Others,6352.0,271.4,4825.0,5340.0,
2025-12-15 11:28:40,2025-12-15 12:48:46,,GPS Walk,6567.0,370.6,4805.0,5380.0,
2025-12-17 19:39:47,2025-12-17 20:21:52,,GPS Walk,4318.0,207.1,2524.0,3422.0,
2025-12-18 14:24:14,2025-12-18 21:35:56,,GPS Walk,21638.0,1280.3,24294.0,16879.0,
2025-12-18 19:22:32,2025-12-18 21:22:18,Apple Health,Others,7792.0,367.6,7183.0,5959.0,
2025-12-19 10:17:19,2025-12-19 20:37:55,,GPS Walk,27598.0,2200.4,35109.0,32936.0,
2025-12-19 10:37:42,2025-12-19 20:26:21,Apple Health,Others,27316.0,1364.8,33198.0,20057.0,
2025-12-20 10:01:28,2025-12-20 20:21:47,,GPS Walk,21606.0,1477.7,37219.0,15919.0,
2025-12-20 10:01:43,2025-12-20 20:19:23,Apple Health,Others,23943.0,1279.4,37060.0,16505.0,
2025-12-21 10:11:15,2025-12-21 17:51:44,Apple Health,Others,16888.0,867.7,22118.0,12173.0,
2025-12-21 10:11:37,2025-12-21 17:51:50,,GPS Walk,16416.0,1094.7,22108.0,13850.0,
2025-12-22 20:54:07,2025-12-22 21:11:36,,GPS Walk,647.0,35.5,1049.0,411.0,
2025-12-23 23:57:47,2025-12-24 00:05:54,Apple Health,Others,0.0,12.1,486.0,145.0,
2025-12-25 19:32:16,2025-12-25 21:42:17,,GPS Walk,13757.0,649.9,7801.0,10911.0,
2025-12-25 19:32:19,2025-12-25 21:35:24,Apple Health,Others,13132.0,583.4,7385.0,10726.0,
2025-12-27 15:20:45,2025-12-27 18:19:29,,GPS Walk,19738.0,953.6,10724.0,16848.0,
2025-12-27 15:20:58,2025-12-27 18:19:48,Apple Health,Others,19673.0,909.9,10727.0,16086.0,
2025-12-28 17:36:31,2025-12-28 19:43:58,,GPS Walk,11901.0,503.9,7647.0,8261.0,
2025-12-28 17:36:38,2025-12-28 19:44:33,Apple Health,Others,11673.0,482.0,7675.0,8545.0,
2025-12-29 21:49:06,2025-12-29 23:06:33,Apple Health,Others,7785.0,342.4,4646.0,6394.0,
2025-12-29 21:49:17,2025-12-29 23:06:15,,GPS Walk,7262.0,328.9,3996.0,5494.0,
2025-12-30 11:27:24,2025-12-30 12:42:27,,GPS Walk,7430.0,380.6,4503.0,5724.0,
2025-12-30 11:27:59,2025-12-30 12:42:43,Apple Health,Others,7274.0,328.8,4484.0,5919.0,
2026-01-01 12:51:24,2026-01-01 16:37:51,,GPS Walk,8782.0,505.8,10473.0,7419.0,
2026-01-01 12:52:11,2026-01-01 16:37:34,Apple Health,Others,8872.0,459.9,10402.0,6006.0,
2026-01-03 02:32:22,2026-01-03 03:36:01,,GPS Walk,6044.0,275.2,3819.0,4462.0,
2026-01-03 02:32:47,2026-01-03 03:36:13,Apple Health,Others,5810.0,302.0,3806.0,4671.0,
2026-01-03 18:35:05,2026-01-03 20:06:45,Apple Health,Others,8249.0,312.5,5500.0,6438.0,
2026-01-03 18:35:24,2026-01-03 20:06:26,,GPS Walk,9135.0,381.1,5462.0,6507.0,
2026-01-04 17:10:45,2026-01-04 19:29:16,,GPS Walk,15578.0,662.4,8311.0,12097.0,
2026-01-04 17:10:55,2026-01-04 19:27:39,Apple Health,Others,15073.0,628.2,8204.0,12399.0,
2026-01-05 11:10:53,2026-01-05 12:32:57,Apple Health,Others,5976.0,257.4,3915.0,4807.0,
2026-01-05 18:05:50,2026-01-05 18:19:48,,GPS Walk,1549.0,71.2,830.0,1108.0,
2026-01-05 18:55:38,2026-01-05 19:10:12,,GPS Walk,1598.0,75.1,873.0,1214.0,
2026-01-05 21:17:25,2026-01-05 22:05:26,,GPS Walk,4551.0,218.9,2880.0,3151.0,
2026-01-05 21:17:26,2026-01-05 22:05:10,Apple Health,Others,4725.0,221.5,2864.0,3744.0,
2026-01-06 11:24:12,2026-01-06 12:33:32,Apple Health,Others,6317.0,314.5,4160.0,5310.0,
2026-01-06 11:24:21,2026-01-06 12:33:39,,GPS Walk,6578.0,310.8,4156.0,4555.0,
2026-01-08 11:20:08,2026-01-08 12:28:56,Apple Health,Others,6854.0,322.7,4128.0,5206.0,
2026-01-08 11:20:24,2026-01-08 12:28:20,,GPS Walk,6782.0,304.4,4075.0,4407.0,
2026-01-08 20:15:02,2026-01-08 21:22:34,,GPS Walk,5825.0,296.9,4051.0,4471.0,
2026-01-08 20:16:02,2026-01-08 21:22:13,Apple Health,Others,4994.0,242.8,3970.0,4480.0,
2026-01-09 11:17:55,2026-01-09 12:25:48,Apple Health,Others,6414.0,308.6,4072.0,5802.0,
2026-01-09 11:17:57,2026-01-09 12:26:32,,GPS Walk,7304.0,346.9,4114.0,4984.0,
2026-01-09 20:23:47,2026-01-09 20:43:16,,GPS Walk,2057.0,97.4,1168.0,1582.0,
2026-01-09 21:08:49,2026-01-09 21:57:17,,GPS Walk,4667.0,211.6,2907.0,3461.0,
2026-01-09 21:08:51,2026-01-09 21:57:09,Apple Health,Others,4684.0,182.1,2897.0,3392.0,
2026-01-10 11:29:24,2026-01-10 16:05:11,Apple Health,Others,12280.0,480.9,7198.0,9124.0,
2026-01-10 11:29:43,2026-01-10 16:05:05,,GPS Walk,12302.0,654.1,7168.0,9264.0,
2026-01-11 14:11:15,2026-01-11 19:49:04,,GPS Walk,33331.0,1613.6,20268.0,25637.0,
2026-01-11 14:11:56,2026-01-11 19:47:16,Apple Health,Others,33025.0,1438.6,20120.0,26030.0,
2026-01-12 18:32:26,2026-01-12 19:23:52,,GPS Walk,4530.0,209.4,2778.0,3502.0,
2026-01-12 18:32:28,2026-01-12 19:18:08,Apple Health,Others,4021.0,192.6,2739.0,3377.0,
2026-01-13 11:32:01,2026-01-13 17:08:50,Apple Health,Others,8233.0,340.5,5870.0,6236.0,
2026-01-13 11:32:02,2026-01-13 17:08:33,,GPS Walk,8547.0,461.6,5863.0,6539.0,
2026-01-14 21:49:55,2026-01-14 23:10:55,,GPS Walk,8797.0,405.4,4859.0,6801.0,
2026-01-14 21:50:06,2026-01-14 23:11:06,Apple Health,Others,7975.0,346.0,4859.0,6533.0,
2026-01-15 10:09:22,2026-01-15 17:25:23,Apple Health,Others,30571.0,1241.4,21552.0,22965.0,
2026-01-16 11:14:24,2026-01-16 12:20:37,Apple Health,Others,6203.0,296.6,3973.0,5047.0,
2026-01-16 11:14:26,2026-01-16 12:20:12,,GPS Walk,6425.0,298.7,3946.0,4362.0,
2026-01-17 19:35:58,2026-01-17 21:34:47,,GPS Walk,13297.0,572.0,7128.0,10238.0,
2026-01-17 19:36:06,2026-01-17 21:33:14,Apple Health,Others,12557.0,565.4,7027.0,10515.0,
2026-01-18 13:23:57,2026-01-18 18:59:54,Apple Health,Others,29416.0,1442.6,17090.0,20460.0,
2026-01-18 13:24:08,2026-01-18 19:00:02,,GPS Walk,28936.0,1502.1,17071.0,20056.0,
2026-01-19 11:22:32,2026-01-19 12:25:12,,GPS Walk,6326.0,275.5,3759.0,3820.0,
2026-01-20 11:20:33,2026-01-20 12:23:48,Apple Health,Others,6313.0,303.2,3795.0,4852.0,
2026-01-20 11:20:35,2026-01-20 12:23:53,,GPS Walk,6274.0,366.4,3797.0,5784.0,
2026-01-22 11:49:29,2026-01-22 12:56:30,Apple Health,Others,6206.0,325.8,4021.0,5357.0,
2026-01-23 11:15:16,2026-01-23 12:19:15,Apple Health,Others,6263.0,274.1,3838.0,4938.0,
2026-01-23 11:15:17,2026-01-23 12:19:22,,GPS Walk,6472.0,356.3,3844.0,5315.0,
2026-01-23 19:26:45,2026-01-23 23:41:39,Apple Health,Others,20539.0,845.6,10629.0,15681.0,
2026-01-24 14:29:45,2026-01-24 21:48:26,,GPS Walk,30095.0,1437.2,15424.0,23392.0,
2026-01-24 14:29:52,2026-01-24 21:48:07,Apple Health,Others,31079.0,1200.3,15411.0,23360.0,
2026-01-25 17:15:25,2026-01-25 20:36:37,Apple Health,Others,9933.0,444.3,9075.0,7040.0,
2026-01-26 20:54:32,2026-01-26 22:11:12,,GPS Walk,7621.0,349.1,4599.0,5972.0,
2026-01-26 20:54:56,2026-01-26 22:11:25,Apple Health,Others,7467.0,313.9,4589.0,5619.0,
2026-01-27 11:17:14,2026-01-27 12:25:47,Apple Health,Others,5963.0,285.0,4113.0,5441.0,
2026-01-28 11:17:12,2026-01-28 12:21:13,,GPS Walk,6143.0,298.3,3838.0,4452.0,
2026-01-28 11:17:17,2026-01-28 12:21:26,Apple Health,Others,5589.0,273.1,3849.0,4830.0,
2026-01-28 19:10:37,2026-01-28 22:06:09,,GPS Walk,11427.0,501.1,6533.0,8181.0,
2026-01-28 19:10:39,2026-01-28 22:05:51,Apple Health,Others,11637.0,461.1,6512.0,8467.0,
2026-01-29 11:18:49,2026-01-29 12:25:06,Apple Health,Others,6501.0,264.0,3977.0,5081.0,
2026-01-29 11:18:50,2026-01-29 12:24:55,,GPS Walk,6654.0,299.9,3965.0,4190.0,
2026-01-30 11:22:20,2026-01-30 12:23:51,,GPS Walk,6478.0,295.7,3691.0,4511.0,
2026-01-30 11:22:23,2026-01-30 12:25:15,Apple Health,Others,5966.0,289.8,3771.0,5082.0,
2026-01-30 17:37:12,2026-01-30 18:18:16,,GPS Walk,4377.0,207.3,2464.0,3145.0,
2026-01-30 17:37:20,2026-01-30 18:18:20,Apple Health,Others,4370.0,220.4,2459.0,3403.0,
2026-01-31 13:51:54,2026-01-31 22:00:20,Apple Health,Others,25690.0,1115.4,24977.0,25619.0,
2026-02-01 09:12:31,2026-02-01 18:14:19,Apple Health,Others,15015.0,756.7,21584.0,22427.0,
2026-02-01 09:12:32,2026-02-01 18:14:28,,GPS Walk,13714.0,1636.8,21595.0,25593.0,
2026-02-02 19:06:44,2026-02-02 22:36:39,,GPS Walk,10363.0,489.2,6321.0,7714.0,
2026-02-02 19:06:46,2026-02-02 22:36:58,Apple Health,Others,11303.0,461.4,6330.0,7978.0,
2026-02-03 05:30:12,2026-02-03 06:54:49,Apple Health,Others,10.0,83.1,5077.0,6.0,
2026-02-03 11:19:21,2026-02-03 12:24:15,,GPS Walk,6315.0,300.7,3894.0,4781.0,
2026-02-03 11:19:22,2026-02-03 12:24:56,Apple Health,Others,5190.0,268.4,3933.0,4837.0,
2026-02-04 12:13:24,2026-02-04 13:18:43,Apple Health,Others,6297.0,280.9,3919.0,5220.0,
2026-02-04 12:13:25,2026-02-04 13:18:54,,GPS Walk,6613.0,314.9,3928.0,5012.0,
2026-02-04 16:42:23,2026-02-04 17:01:19,Apple Health,Others,1588.0,68.3,1136.0,1232.0,
2026-02-05 11:19:55,2026-02-05 21:40:10,Apple Health,Others,16302.0,1017.2,36208.0,47938.0,
2026-02-05 11:19:56,2026-02-05 22:59:04,,GPS Walk,16853.0,2344.7,41744.0,62373.0,
2026-02-06 11:57:58,2026-02-06 18:22:10,Apple Health,Others,13287.0,618.5,17222.0,9005.0,
2026-02-06 21:17:56,2026-02-06 22:28:23,Apple Health,Others,4657.0,210.7,4227.0,3455.0,
2026-02-07 09:06:35,2026-02-07 21:11:23,Apple Health,Others,21087.0,1257.6,39520.0,14501.0,
2026-02-07 09:06:53,2026-02-07 21:09:31,,GPS Walk,20761.0,1176.8,39408.0,9140.0,
2026-02-08 08:51:27,2026-02-08 21:05:46,Apple Health,Others,25868.0,1417.5,37689.0,18173.0,
2026-02-08 08:51:29,2026-02-08 21:05:42,,GPS Walk,24947.0,1797.9,37679.0,19872.0,
2026-02-09 09:28:03,2026-02-09 15:56:12,Apple Health,Others,12132.0,647.5,20323.0,7984.0,
2026-02-09 10:39:24,2026-02-09 15:56:17,,GPS Walk,10810.0,577.4,16072.0,5473.0,
2026-02-10 11:55:58,2026-02-10 12:57:44,Apple Health,Others,5878.0,249.9,3706.0,4487.0,
2026-02-10 11:56:00,2026-02-10 12:57:58,,GPS Walk,5862.0,247.4,3717.0,3775.0,
2026-02-10 22:18:35,2026-02-10 23:04:18,Apple Health,Others,4012.0,212.1,2743.0,3467.0,
2026-02-10 22:18:51,2026-02-10 23:03:12,,GPS Walk,4375.0,214.6,2660.0,3238.0,
2026-02-11 21:13:37,2026-02-11 22:20:51,,GPS Walk,6542.0,281.6,4033.0,4747.0,
2026-02-12 12:13:13,2026-02-12 13:15:34,Apple Health,Others,6454.0,280.0,3741.0,5163.0,
2026-02-13 00:19:21,2026-02-13 01:01:59,Apple Health,Others,3331.0,187.5,2558.0,3369.0,
2026-02-13 00:19:32,2026-02-13 01:02:09,,GPS Walk,4109.0,215.1,2557.0,3277.0,
2026-02-13 11:29:18,2026-02-13 12:32:09,,GPS Walk,6316.0,354.8,3770.0,5491.0,
2026-02-13 11:29:22,2026-02-13 12:32:16,Apple Health,Others,6273.0,291.3,3773.0,4881.0,
2026-02-13 19:10:21,2026-02-13 19:54:38,Apple Health,Others,4147.0,189.0,2656.0,3451.0,
2026-02-13 19:10:22,2026-02-13 19:56:38,,GPS Walk,4206.0,215.2,2775.0,3148.0,
2026-02-14 16:47:31,2026-02-14 18:54:12,,GPS Walk,12145.0,542.7,7601.0,9088.0,
2026-02-14 16:48:24,2026-02-14 18:54:27,Apple Health,Others,12150.0,447.1,7563.0,8943.0,
2026-02-15 16:59:34,2026-02-15 21:08:34,,GPS Walk,13898.0,628.6,8413.0,10400.0,
2026-02-15 17:01:36,2026-02-15 21:08:25,Apple Health,Others,0.0,498.0,8281.0,10081.0,
2026-02-15 17:01:57,2026-02-15 21:09:53,Apple Health,Others,13525.0,482.8,7538.0,9469.0,
2026-02-16 12:19:34,2026-02-16 22:00:15,Apple Health,Others,15346.0,589.2,10485.0,11126.0,
2026-02-16 12:19:36,2026-02-16 21:58:51,,GPS Walk,15283.0,688.7,10375.0,11057.0,
2026-02-17 10:53:12,2026-02-17 21:12:27,,GPS Walk,23389.0,1206.0,12832.0,18781.0,
2026-02-17 11:15:02,2026-02-17 21:12:49,Apple Health,Others,23299.0,969.0,11532.0,18234.0,
2026-02-18 09:53:08,2026-02-18 13:17:42,Apple Health,Others,24006.0,1145.5,12274.0,21227.0,
2026-02-18 09:53:28,2026-02-18 13:17:49,,GPS Walk,24992.0,1420.3,12261.0,21011.0,
2026-02-19 11:23:23,2026-02-19 12:26:29,Apple Health,Others,6091.0,257.3,3786.0,5012.0,
2026-02-19 11:23:24,2026-02-19 12:26:24,,GPS Walk,6189.0,277.0,3779.0,4146.0,
2026-02-21 15:41:25,2026-02-21 22:39:22,Apple Health,Others,13194.0,474.3,9387.0,9183.0,
2026-02-22 17:36:43,2026-02-22 19:06:55,,GPS Walk,9653.0,442.1,5411.0,7078.0,
2026-02-22 17:37:00,2026-02-22 19:12:02,Apple Health,Others,9331.0,408.3,5701.0,7513.0,
2026-02-23 12:00:15,2026-02-23 13:10:40,,GPS Walk,6455.0,305.2,4224.0,4384.0,
2026-02-23 12:01:16,2026-02-23 13:10:29,Apple Health,Others,5770.0,268.8,4153.0,5100.0,
2026-02-23 18:30:22,2026-02-23 21:48:34,,GPS Walk,13728.0,610.8,7742.0,10052.0,
2026-02-23 18:30:40,2026-02-23 21:49:01,Apple Health,Others,14003.0,522.4,7750.0,10335.0,
2026-02-24 11:43:58,2026-02-24 12:54:43,Apple Health,Others,5625.0,272.3,4244.0,5268.0,
2026-02-24 11:44:14,2026-02-24 12:54:53,,GPS Walk,6516.0,287.1,4239.0,4202.0,
2026-02-24 19:32:09,2026-02-24 22:32:09,Apple Health,Others,11014.0,466.2,6391.0,9101.0,
2026-02-25 19:34:52,2026-02-25 22:14:57,,GPS Walk,13090.0,608.6,7232.0,10021.0,
2026-02-25 19:34:54,2026-02-25 22:15:11,Apple Health,Others,12099.0,519.3,7244.0,10166.0,
2026-02-26 11:22:57,2026-02-26 12:36:21,Apple Health,Others,6365.0,258.3,3967.0,5064.0,
2026-02-26 11:22:58,2026-02-26 12:36:11,,GPS Walk,6322.0,329.7,3956.0,4989.0,
2026-02-26 17:19:01,2026-02-26 17:47:15,Apple Health,Others,1524.0,143.2,1694.0,1976.0,
2026-02-26 21:42:29,2026-02-26 23:04:14,Apple Health,Others,8030.0,308.8,4904.0,6517.0,
2026-02-26 21:42:31,2026-02-26 23:04:10,,GPS Walk,8946.0,373.7,4898.0,6591.0,
2026-02-27 11:36:47,2026-02-27 12:41:18,,GPS Walk,5733.0,300.0,3870.0,4508.0,
2026-02-27 11:36:49,2026-02-27 12:41:12,Apple Health,Others,4668.0,253.1,3863.0,4479.0,
2026-02-28 20:03:39,2026-02-28 21:12:16,Apple Health,Others,7310.0,339.9,4116.0,6478.0,
2026-02-28 20:03:41,2026-02-28 21:12:12,,GPS Walk,8315.0,399.1,4111.0,6484.0,
2026-03-01 13:04:36,2026-03-01 20:59:12,Apple Health,Others,17193.0,734.5,16253.0,19623.0,
2026-03-01 13:04:37,2026-03-01 20:59:19,,GPS Walk,16876.0,1273.6,16263.0,25234.0,
2026-03-02 14:56:34,2026-03-02 21:13:45,,GPS Walk,21113.0,994.5,12299.0,16021.0,
2026-03-02 14:56:41,2026-03-02 21:14:09,Apple Health,Others,21468.0,831.8,12299.0,16130.0,
2026-03-03 11:22:45,2026-03-03 12:31:31,Apple Health,Others,6146.0,273.6,4125.0,5178.0,
2026-03-03 11:22:48,2026-03-03 12:31:19,,GPS Walk,6406.0,292.9,4111.0,4400.0,
2026-03-03 23:59:43,2026-03-04 00:52:16,Apple Health,Others,2215.0,104.2,3153.0,2356.0,
2026-03-04 19:24:54,2026-03-04 22:08:40,Apple Health,Others,11757.0,488.8,6644.0,8859.0,
2026-03-05 11:30:56,2026-03-05 12:38:58,Apple Health,Others,6235.0,283.1,4082.0,4927.0,
2026-03-05 11:30:58,2026-03-05 12:38:46,,GPS Walk,6401.0,279.6,4067.0,3987.0,
2026-03-05 19:21:49,2026-03-05 20:03:18,,GPS Walk,4203.0,213.2,2488.0,3238.0,
2026-03-05 19:22:06,2026-03-05 20:03:20,Apple Health,Others,3274.0,187.7,2473.0,3368.0,
2026-03-06 11:29:16,2026-03-06 12:37:49,Apple Health,Others,6436.0,256.3,4113.0,4994.0,
2026-03-06 11:29:17,2026-03-06 12:37:34,,GPS Walk,6232.0,296.9,4096.0,4391.0,
2026-03-07 19:52:39,2026-03-07 21:29:22,,GPS Walk,10391.0,474.0,5802.0,7898.0,
2026-03-07 19:52:56,2026-03-07 21:30:11,Apple Health,Others,10111.0,432.3,5834.0,8071.0,
2026-03-08 12:52:37,2026-03-08 21:20:50,,GPS Walk,38343.0,1955.8,19651.0,30682.0,
2026-03-08 12:52:55,2026-03-08 21:21:13,Apple Health,Others,38454.0,1550.8,19657.0,30754.0,
2026-03-09 11:19:28,2026-03-09 12:21:09,Apple Health,Others,6327.0,264.9,3700.0,5002.0,
2026-03-09 11:19:29,2026-03-09 12:21:19,,GPS Walk,6284.0,284.3,3709.0,4316.0,
2026-03-09 20:42:51,2026-03-09 21:56:18,,GPS Walk,7768.0,318.5,4406.0,5496.0,
2026-03-09 20:43:11,2026-03-09 21:56:40,Apple Health,Others,6908.0,297.3,4408.0,5406.0,
2026-03-10 11:25:04,2026-03-10 12:29:28,Apple Health,Others,6159.0,259.2,3863.0,4787.0,
2026-03-10 11:25:05,2026-03-10 12:29:45,,GPS Walk,6137.0,270.2,3879.0,4160.0,
2026-03-10 20:05:06,2026-03-10 22:48:42,,GPS Walk,10336.0,449.6,6058.0,7505.0,
2026-03-10 20:05:22,2026-03-10 22:49:02,Apple Health,Others,9562.0,399.9,6056.0,7734.0,
2026-03-12 11:34:31,2026-03-12 12:33:06,,GPS Walk,5681.0,267.8,3512.0,4211.0,
2026-03-12 11:34:32,2026-03-12 12:33:28,Apple Health,Others,4923.0,267.3,3535.0,4590.0,
2026-03-14 13:58:07,2026-03-14 20:34:36,,GPS Walk,33134.0,1509.0,17770.0,25119.0,
2026-03-14 13:58:36,2026-03-14 20:34:30,Apple Health,Others,33226.0,1369.9,17738.0,26185.0,
2026-03-15 14:00:32,2026-03-15 19:42:53,,GPS Walk,24410.0,1214.2,15713.0,20087.0,
2026-03-15 14:00:52,2026-03-15 19:43:14,Apple Health,Others,23832.0,925.5,15714.0,18869.0,
2026-03-16 11:18:48,2026-03-16 12:23:55,Apple Health,Others,5464.0,253.2,3906.0,5067.0,
2026-03-16 11:18:50,2026-03-16 12:23:19,,GPS Walk,6357.0,308.2,3869.0,4768.0,
2026-03-16 18:32:36,2026-03-16 18:56:32,Apple Health,Others,2078.0,68.7,1436.0,1594.0,
2026-03-17 01:16:25,2026-03-17 01:38:33,,GPS Walk,2444.0,105.5,1327.0,1801.0,
2026-03-17 01:16:29,2026-03-17 01:38:48,Apple Health,Others,1135.0,95.5,1338.0,1784.0,
2026-03-17 11:19:18,2026-03-17 12:23:34,,GPS Walk,6363.0,296.8,3856.0,4714.0,
2026-03-17 11:19:28,2026-03-17 12:23:52,Apple Health,Others,5366.0,275.8,3864.0,4877.0,
2026-03-18 19:18:50,2026-03-18 21:08:13,,GPS Walk,12723.0,608.0,6562.0,10029.0,
2026-03-18 19:19:13,2026-03-18 21:08:05,Apple Health,Others,12611.0,562.5,6531.0,10068.0,
2026-03-19 11:21:01,2026-03-19 12:27:41,Apple Health,Others,5152.0,258.3,4000.0,4739.0,
2026-03-19 11:21:03,2026-03-19 12:26:31,,GPS Walk,5876.0,248.0,3928.0,3684.0,
2026-03-20 20:42:03,2026-03-20 21:50:58,,GPS Walk,7233.0,344.6,4135.0,5602.0,
2026-03-20 20:42:10,2026-03-20 21:50:53,Apple Health,Others,7179.0,288.6,4122.0,5759.0,
2026-03-21 13:13:15,2026-03-21 22:34:16,,GPS Walk,23556.0,1027.4,16795.0,16115.0,
2026-03-21 13:13:18,2026-03-21 22:34:41,Apple Health,Others,23586.0,1026.1,16810.0,18184.0,
2026-03-22 14:14:43,2026-03-22 20:06:51,Apple Health,Others,22539.0,940.0,13163.0,17554.0,
2026-03-22 14:14:44,2026-03-22 20:06:50,,GPS Walk,22914.0,1005.3,13164.0,16527.0,
2026-03-23 11:21:16,2026-03-23 12:27:24,,GPS Walk,6417.0,280.2,3968.0,4111.0,
2026-03-23 11:21:18,2026-03-23 12:27:29,Apple Health,Others,5586.0,272.1,3971.0,5009.0,
2026-03-23 18:41:11,2026-03-23 21:00:10,,GPS Walk,11507.0,534.9,6362.0,8565.0,
2026-03-23 18:41:12,2026-03-23 21:00:33,Apple Health,Others,11967.0,471.2,6380.0,8927.0,
2026-03-24 11:21:12,2026-03-24 12:30:12,Apple Health,Others,6654.0,283.9,4139.0,5205.0,
2026-03-24 11:21:14,2026-03-24 12:30:04,,GPS Walk,6754.0,412.7,4129.0,6502.0,
2026-03-24 18:52:06,2026-03-24 21:14:14,Apple Health,Others,9955.0,412.3,5375.0,7595.0,
2026-03-24 18:52:07,2026-03-24 21:13:56,,GPS Walk,9623.0,461.5,5355.0,7275.0,
2026-03-25 19:15:23,2026-03-25 21:36:14,Apple Health,Others,10406.0,371.1,5636.0,7273.0,
2026-03-25 19:15:24,2026-03-25 21:36:08,,GPS Walk,9758.0,430.2,5629.0,7103.0,
2026-03-26 11:20:49,2026-03-26 12:29:42,Apple Health,Others,5754.0,263.9,4132.0,5092.0,
2026-03-27 11:22:23,2026-03-27 12:30:54,,GPS Walk,6599.0,329.9,4111.0,5162.0,
2026-03-27 11:23:28,2026-03-27 12:31:31,Apple Health,Others,5590.0,260.9,4082.0,5135.0,
2026-03-27 18:16:26,2026-03-27 20:30:51,Apple Health,Others,8855.0,430.3,6008.0,7847.0,
2026-03-27 18:17:35,2026-03-27 20:31:03,,GPS Walk,9688.0,472.8,5945.0,7255.0,
2026-03-28 10:14:36,2026-03-28 18:04:16,,GPS Walk,9076.0,429.6,8419.0,6607.0,
2026-03-28 10:15:12,2026-03-28 18:04:08,Apple Health,Others,9126.0,362.5,8371.0,6058.0,
2026-03-28 18:47:57,2026-03-28 18:57:39,,GPS Walk,385.0,33.1,582.0,308.0,
2026-03-28 18:48:14,2026-03-28 18:57:23,Apple Health,Others,0.0,21.7,549.0,251.0,
2026-03-28 20:47:47,2026-03-28 21:40:08,Apple Health,Others,5041.0,245.8,3140.0,4028.0,
2026-03-28 20:47:57,2026-03-28 21:40:01,,GPS Walk,5097.0,240.2,3123.0,3856.0,
2026-03-29 11:51:15,2026-03-29 17:58:48,,GPS Walk,13000.0,680.9,10351.0,10425.0,
2026-03-29 11:52:16,2026-03-29 17:58:37,Apple Health,Others,13572.0,587.7,10280.0,9273.0,
2026-03-30 11:20:11,2026-03-30 12:32:45,,GPS Run,6422.0,403.9,4354.0,6383.0,
2026-03-30 11:21:14,2026-03-30 12:32:50,Apple Health,Others,5948.0,281.4,4295.0,4900.0,
2026-03-31 11:28:19,2026-03-31 12:32:38,,GPS Run,6396.0,297.0,3858.0,4566.0,
2026-03-31 11:29:12,2026-03-31 12:32:54,Apple Health,Others,5321.0,262.0,3822.0,5119.0,
2026-03-31 18:51:29,2026-03-31 21:28:15,Apple Health,Others,11225.0,513.7,6664.0,8386.0,
2026-04-01 05:34:48,2026-04-01 06:02:16,Apple Health,Others,1600.0,96.3,1648.0,2375.0,
2026-04-01 11:27:58,2026-04-01 12:32:44,Apple Health,Others,6330.0,273.2,3886.0,5093.0,
2026-04-01 11:28:00,2026-04-01 12:32:51,,GPS Run,6245.0,241.3,3891.0,3630.0,
2026-04-02 12:07:16,2026-04-02 12:27:36,Apple Health,Others,1175.0,69.9,1215.0,1466.0,
2026-04-02 18:15:41,2026-04-02 18:39:28,,GPS Run,2437.0,122.8,1426.0,1820.0,
2026-04-02 18:15:44,2026-04-02 18:39:29,Apple Health,Others,2078.0,121.6,1425.0,2029.0,
2026-04-04 14:30:06,2026-04-04 21:29:17,Apple Health,Others,30856.0,1423.5,15350.0,25473.0,
2026-04-05 14:15:19,2026-04-05 17:40:25,,GPS Run,18689.0,1167.1,11553.0,12429.0,
2026-04-05 14:15:45,2026-04-05 17:40:26,Apple Health,Others,17903.0,1221.3,11528.0,13096.0,
2026-04-06 12:09:53,2026-04-06 13:12:08,,GPS Run,6173.0,347.6,3734.0,5390.0,
2026-04-06 12:10:18,2026-04-06 13:11:57,Apple Health,Others,5783.0,278.2,3699.0,4902.0,
2026-04-07 12:11:54,2026-04-07 13:13:37,Apple Health,Others,5169.0,242.2,3703.0,4618.0,
2026-04-07 12:11:59,2026-04-07 13:13:24,,GPS Run,5920.0,270.9,3684.0,4110.0,
2026-04-08 19:35:39,2026-04-08 20:15:40,,GPS Run,4209.0,216.3,2401.0,3292.0,
2026-04-09 11:19:32,2026-04-09 12:23:37,,GPS Run,6563.0,289.9,3844.0,4458.0,
2026-04-09 11:19:38,2026-04-09 12:23:15,Apple Health,Others,5588.0,295.6,3817.0,5106.0,
2026-04-09 19:28:20,2026-04-09 21:54:51,,GPS Run,9832.0,498.0,5428.0,7741.0,
2026-04-09 19:28:34,2026-04-09 21:54:44,Apple Health,Others,10360.0,467.8,5422.0,7994.0,
2026-04-10 08:30:15,2026-04-10 08:36:31,Apple Health,Others,0.0,7.5,376.0,61.0,
2026-04-10 11:56:41,2026-04-10 13:00:59,,GPS Run,6026.0,274.3,3858.0,4181.0,
2026-04-10 11:56:50,2026-04-10 13:01:39,Apple Health,Others,5985.0,278.3,3889.0,4985.0,
2026-04-11 14:43:28,2026-04-11 15:10:01,,GPS Run,2572.0,123.9,1592.0,2010.0,
2026-04-11 14:43:29,2026-04-11 15:09:44,Apple Health,Others,1537.0,111.4,1575.0,2091.0,
2026-04-12 16:18:13,2026-04-12 21:08:15,Apple Health,Others,18756.0,815.9,10118.0,15724.0,
2026-04-13 11:19:38,2026-04-13 12:23:21,,GPS Run,5908.0,232.8,3823.0,3308.0,
2026-04-13 11:19:52,2026-04-13 12:23:16,Apple Health,Others,4875.0,279.2,3803.0,4525.0,
2026-04-14 19:00:43,2026-04-14 20:57:19,Apple Health,Others,12725.0,534.7,6995.0,10051.0,
2026-04-14 19:00:46,2026-04-14 21:00:03,,GPS Run,13069.0,580.4,7153.0,9996.0,
2026-04-15 11:20:10,2026-04-15 12:32:39,Apple Health,Others,6556.0,314.3,4348.0,5147.0,
2026-04-15 11:20:24,2026-04-15 12:32:35,,GPS Run,6556.0,352.5,4331.0,5542.0,
2026-04-15 20:28:56,2026-04-15 20:57:54,Apple Health,Others,1433.0,70.2,1738.0,1366.0,
2026-04-16 12:29:14,2026-04-16 13:33:43,Apple Health,Others,6211.0,302.3,3868.0,5015.0,
2026-04-16 12:29:35,2026-04-16 13:33:51,,GPS Run,6416.0,259.8,3856.0,3739.0,
2026-04-16 19:10:18,2026-04-16 19:52:47,Apple Health,Others,4422.0,213.2,2549.0,3520.0,
2026-04-16 19:10:19,2026-04-16 19:52:46,,GPS Run,4419.0,221.7,2546.0,3331.0,
2026-04-17 12:17:19,2026-04-17 13:27:54,Apple Health,Others,6292.0,284.2,4235.0,5464.0,
2026-04-17 12:17:21,2026-04-17 13:28:03,,GPS Run,6831.0,271.5,4241.0,4112.0,
2026-04-17 18:56:05,2026-04-17 21:22:20,Apple Health,Others,9644.0,361.7,5147.0,7212.0,
2026-04-18 10:06:33,2026-04-18 19:02:00,Apple Health,Others,28840.0,1316.0,24414.0,21499.0,
2026-04-19 14:31:36,2026-04-19 18:26:43,,GPS Run,26350.0,1368.6,14106.0,19405.0,
2026-04-19 14:31:44,2026-04-19 18:27:07,Apple Health,Others,25947.0,1406.4,14122.0,20913.0,
2026-04-19 20:24:14,2026-04-19 21:03:30,Apple Health,Others,3128.0,149.6,2356.0,2962.0,
2026-04-19 20:24:15,2026-04-19 21:03:05,,GPS Run,4057.0,159.4,2330.0,2814.0,
2026-04-20 11:01:29,2026-04-20 12:23:39,Apple Health,Others,2463.0,153.2,2208.0,2582.0,
2026-04-20 11:01:31,2026-04-20 12:25:55,,GPS Run,2937.0,118.7,2145.0,1505.0,
2026-04-20 19:03:16,2026-04-20 20:32:32,,GPS Run,6417.0,308.2,5355.0,4238.0,
2026-04-20 19:03:22,2026-04-20 20:24:53,Apple Health,Others,5960.0,283.6,4891.0,4448.0,
2026-04-21 11:48:55,2026-04-21 13:01:00,,GPS Run,6361.0,271.0,4324.0,3897.0,
2026-04-21 11:49:11,2026-04-21 13:00:09,Apple Health,Others,5786.0,275.2,4258.0,4972.0,
2026-04-21 18:41:41,2026-04-21 21:07:33,Apple Health,Others,8628.0,310.6,4938.0,6249.0,
2026-04-21 18:41:52,2026-04-21 21:07:41,,GPS Walk,8393.0,382.9,4945.0,6057.0,
2026-04-22 12:44:16,2026-04-22 13:05:12,,GPS Walk,1759.0,83.9,1256.0,1256.0,
2026-04-22 17:52:25,2026-04-22 21:42:27,Apple Health,Others,17560.0,708.2,10143.0,12319.0,
2026-04-22 17:52:26,2026-04-22 21:42:21,,GPS Walk,16998.0,797.7,10136.0,12253.0,
2026-04-23 11:19:09,2026-04-23 12:33:35,Apple Health,Others,5887.0,292.4,4466.0,5007.0,
2026-04-23 11:19:24,2026-04-23 12:33:41,,GPS Walk,6161.0,269.0,4457.0,4010.0,
2026-04-23 17:36:32,2026-04-23 21:10:54,,GPS Walk,12948.0,617.6,8062.0,9937.0,
2026-04-23 17:36:34,2026-04-23 21:10:57,Apple Health,Others,14460.0,609.9,8059.0,11032.0,
2026-04-24 11:19:08,2026-04-24 12:27:10,Apple Health,Others,5547.0,263.0,4081.0,4625.0,
2026-04-24 11:19:10,2026-04-24 12:27:15,,GPS Walk,6051.0,262.8,4085.0,4002.0,
2026-04-25 14:52:18,2026-04-25 22:02:20,Apple Health,Others,22433.0,1238.6,16612.0,18165.0,
2026-04-25 14:52:25,2026-04-25 22:02:27,,GPS Walk,14909.0,915.8,16618.0,11780.0,
2026-04-26 11:25:56,2026-04-26 17:43:46,Apple Health,Others,23534.0,1180.7,21291.0,17390.0,
2026-04-26 11:26:00,2026-04-26 17:43:51,,GPS Walk,23224.0,1471.4,19834.0,21200.0,
2026-04-27 11:55:01,2026-04-27 12:30:34,Apple Health,Others,2120.0,126.4,2132.0,2276.0,
2026-04-27 20:51:38,2026-04-27 21:56:40,Apple Health,Others,217.0,75.0,3901.0,400.0,
2026-04-29 12:06:20,2026-04-29 13:11:39,Apple Health,Others,5022.0,266.6,3918.0,4703.0,
2026-04-29 16:43:02,2026-04-29 16:59:51,Apple Health,Others,1529.0,72.4,1009.0,1235.0,
2026-04-29 20:31:53,2026-04-29 21:46:38,Apple Health,Others,4571.0,228.0,3772.0,3861.0,
2026-04-30 11:19:43,2026-04-30 12:23:17,,GPS Walk,4132.0,73.3,3067.0,553.0,
2026-05-01 15:12:05,2026-05-01 20:45:35,Apple Health,Others,10375.0,616.8,18186.0,14279.0,
2026-05-01 15:12:07,2026-05-01 20:45:42,,GPS Walk,11147.0,2088.8,18189.0,35111.0,
2026-05-02 13:23:00,2026-05-02 20:46:19,Apple Health,Others,14512.0,981.4,24848.0,11213.0,
2026-05-02 13:23:12,2026-05-02 20:46:28,,GPS Walk,13400.0,853.1,24842.0,8063.0,
2026-05-03 19:55:39,2026-05-03 21:12:15,Apple Health,Others,8367.0,394.2,4596.0,7172.0,
2026-05-03 19:55:41,2026-05-03 21:12:02,,GPS Walk,9016.0,467.8,4581.0,7374.0,
2026-05-04 11:19:56,2026-05-04 12:28:38,,GPS Walk,6216.0,298.0,4121.0,4453.0,
2026-05-04 20:33:17,2026-05-04 21:54:15,,GPS Walk,7441.0,369.7,4857.0,5775.0,
2026-05-05 10:45:11,2026-05-05 14:42:53,,GPS Walk,13808.0,673.6,9723.0,10827.0,
2026-05-06 05:22:23,2026-05-06 05:45:31,Apple Health,Others,1010.0,69.0,1387.0,1373.0,
2026-05-07 18:53:53,2026-05-07 19:31:30,Apple Health,Others,6151.0,326.4,2257.0,5009.0,
